Ref,Company Name,Website,Categories of Products/Services,Corporate Summary (Derived from company materials),AI/ML in Marketing,DHS Prime Contractor,Border Security Expo Exhibitor/Sponsor(2022-2025),Border Technology Summit 2024-2025,Homeland Security Technology Consortium Member,Additional notes,Parent Company/Alternative Name/DBA,"Related Companies (Subsidiaries, Distributors, Strategic Partners, Passthroughs)",Official DHS Programs,Federal Agency Contracts,USASpending.gov Link (DHS),Federal Procurement Data System Link (DHS),Related/Source Links,Related/Source Links.1,Related/Source Links.2
TECH172,RTX,https://www.cbp.gov/sites/default/files/documents/FS_2015_Guardian_FINAL_0.pdf,"Wide-Ranging Defense, Surveillance, and IT Products/Services","rtx.com: At Raytheon, the foundation of everything we do is rooted in our values and a higher calling – to help our nation and allies defend freedoms and deter aggression. We bring the strength of more than 100 years of experience and renowned engineering expertise to meet the needs of today’s mission and stay ahead of tomorrow’s threat. Our team solves tough, meaningful problems that create a safer, more secure world.",Y,,,Y (as Raytheon),Y (as Raytheon),,Raytheon,,,"DOD, DHS, DOJ, GSA, DOS and others",https://www.usaspending.gov/search/?hash=39aa538a2d38b6c851fc09eb15494344,https://www.fpds.gov/ezsearch/fpdsportal?indexName=awardfull&templateName=1.5.3&s=FPDS.GOV&q=Raytheon+DEPARTMENT_FULL_NAME%3A%22HOMELAND+SECURITY%2C+DEPARTMENT+OF%22&x=0&y=0,https://raytheon.mediaroom.com/index.php?s=43&item=893,https://www.tni.org/en/publication/more-than-a-wall-0,https://washingtontechnology.com/2014/07/raytheon-gets-second-shot-at-border-security-contract/355761/
TECH002,Accenture,https://www.accenture.com/us-en/industries/accenture-federal-services,"Wide-Ranging Defense, Surveillance, and IT Products/Services","Accenture.com: The Accenture Federal Services U.S. Public Safety portfolio helps federal agencies unlock growth through innovations in technology, people and processes. The world is full of unknowns, and we must prepare for and anticipate what’s around the corner. We support work that is critical to the safety and security of our Nation and its people, and protect citizens at home and abroad - where they live and work. We deliver mission-critical operations across the Department of Energy, Department of Homeland Security, Department of State, Department of Justice, NASA and EPA. We enable our clients with the latest advanced technologies to protect and advance:  Human health and the environment; Interests and security of Americans abroad and at home; Infrastructure of our borders, cities and towns, allowing for safe travel; The future by addressing energy, environment and nuclear challenges, while innovating and discovering for the benefit of humanity.",Y,Y,Y,Y,Y,,,,,"DHS, DOD",https://www.usaspending.gov/search/?hash=062d3d04abfade16d1e5196e54850b34,https://www.fpds.gov/ezsearch/fpdsportal?q=Accenture+DEPARTMENT_FULL_NAME%3A%22HOMELAND+SECURITY%2C+DEPARTMENT+OF%22&s=FPDS.GOV&templateName=1.5.3&indexName=awardfull&x=0&y=0,https://newsroom.accenture.com/news/2023/accenture-federal-services-wins-380m-contract-to-modernize-it-operations-for-us-customs-and-border-protection,https://investigate.afsc.org/company/accenture,
TECH013,Anduril,https://www.anduril.com/,"Surveillance Towers, Unmanned Aerial Systems (UAS)","Anduril.com: Anduril is a defense products company. Unlike most defense companies, we don’t wait for our customers to tell us what they need. We identify problems, privately fund our R&D and sell finished products off the shelf. Ideas are turned into deployed capabilities in months, not years, saving the government and taxpayers money along the way.",Y,,Y,Y,Y,"Products include: Sentry, Phantom, Ghost 4 autonomous small unmanned aircraft system (sUAS), Lattice AI Software Platform.",,Copious Imaging,Autonomous Surveillance Towers (AST),"DHS, CBP",https://www.usaspending.gov/search/?hash=ff3901e3adbab01042d15f1cac1bbba2,https://www.fpds.gov/ezsearch/search.do?q=Anduril+CONTRACTING_AGENCY_NAME%3A%22U.S.+CUSTOMS+AND+BORDER+PROTECTION%22&s=FPDS.GOV&templateName=1.5.3&indexName=awardfull,https://www.documentcloud.org/documents/23132456-j-19ctsestatementofobjectives#document/p32,https://investigate.afsc.org/company/anduril,https://www.anduril.com/article/anduril-industries-acquires-copius-imaging/
TECH017,Axis Communications,https://www.axis.com/en-us/solutions/government/perimeter-and-border-security,"Surveillance Cameras, Body-Worn Cameras, Radar, Thermal Imaging, Data Analytics","Axis.com: From perimeter to critical core, intrusion protection and sensing solutions from Axis are equipped to safeguard your entire domain. Our technology provides intelligent monitoring of critical sites, based on surveillance systems with visual and thermal imaging, radar devices, audio equipment, intrusion detection and analytics software. Through an open-source approach, Axis collaborates with the best-in-class partners for perimeter analytics.",Y,,Y,Y,,Products include: Axis M series cameras,Axis Communications AB (S. Korea),,,No data,No data,No data,https://www.edgemiddleeast.com/security/bct-and-axis-communications-enhance-cyber-resilience,,
TECH057,Deloitte,https://www2.deloitte.com/us/en/pages/public-sector/topics/defense-security-justice.html?icid=top_defense-security-justice,"Wide-Ranging Defense, Surveillance, and IT Products/Services","Deloitte.com: We serve all branches of the military, agencies of the Department of Defense, and intelligence community, as well as the Departments of Homeland Security and Justice. From cyber and logistics to finance and trustworthy AI, we are ready to meet you in the mission and drive bold and lasting results.",Y,Y,,Y,Y,,Deloitte Consulting LLP,,,"DHS, DOD, GSA, DOS, DOI",https://www.usaspending.gov/search/?hash=98945f2e51d31d930dc33c8db11ef8f0,https://www.fpds.gov/ezsearch/fpdsportal?q=Deloitte+DEPARTMENT_FULL_NAME%3A%22HOMELAND+SECURITY%2C+DEPARTMENT+OF%22++&s=FPDS.GOV&templateName=1.5.3&indexName=awardfull&x=0&y=0&sortBy=SIGNED_DATE&desc=Y,https://investigate.afsc.org/company/deloitte,,
TECH071,"Elevated Technologies, LLC,",https://elv-tech.com/,"Aerostats, Wide-Ranging Defense, Surveillance, and IT Products/Services","Elv-tech.com: Elevated Technologies, LLC specializes in the integration of, training for, and documentation related to Intelligence, Surveillance, and Reconnaissance (ISR) assets.",Y,,,Y,,"Products include: Support, training, testing, review, integration of sureveillance and IT systems, field support, aviation maintenance. .",,QinetiQ,Tethered Aerostat Radar System (TARS),"DOD, DHS, USCG and others",https://www.usaspending.gov/search/?hash=99f716b5e0d9c61520eb391ff23040a0,https://www.fpds.gov/ezsearch/fpdsportal?q=Elevated+Technologies+DEPARTMENT_FULL_NAME%3A%22HOMELAND+SECURITY%2C+DEPARTMENT+OF%22&s=FPDS.GOV&templateName=1.5.3&indexName=awardfull&x=0&y=0,https://www.qinetiq.com/en/news/us-customs-and-border-protection-has-awarded-tars-to-qinetiq-us,https://elv-tech.com/about-isr-programs/,
TECH086,General Atomics,https://www.ga-asi.com/products-services https://www.ga.com/unmanned-aircraft-systems-and-sensors,Unmanned Aerial Systems (UAS),"GA.com: General Atomics Aeronautical Systems, Inc. (GA-ASI) is an affiliate of privately-held General Atomics and is a leading manufacturer of Remotely Piloted Aircraft (RPA) systems, radars, and electro-optic and related mission systems solutions. Designed and engineered for long-endurance, our unmanned aircraft and sensor systems have raised the standard and redefined intelligence, surveillance, reconnaissance tactics and precision strike capabilities.",Y,Y,,Y,,"Products Include: MQ-9 Reaper, SkyGuardian",,,,"DHS, DOD, Dept. of Energy",https://www.usaspending.gov/search/?hash=c65e12016655219de8363bf2899352db,https://www.fpds.gov/ezsearch/fpdsportal?indexName=awardfull&templateName=1.5.3&s=FPDS.GOV&q=General+Atomics+DEPARTMENT_FULL_NAME%3A%22HOMELAND+SECURITY%2C+DEPARTMENT+OF%22&x=0&y=0,https://militaryembedded.com/radar-ew/sensors/lynx-multi-mode-radar-tested-by-department-of-homeland-security,https://investigate.afsc.org/company/general-atomics,
TECH087,General Dynamics,https://www.gdit.com/industries/homeland-security/,"Surveillance Towers, Biometrics, Data Analytics","GDIT.com: A global technology and professional services company that delivers consulting, technology and mission services to every major agency across the U.S. government, defense and intelligence community.",Y,Y,Y,Y,,Products include: Remote Video Surveillance Systems.,,"CSRA LLC, SRA International, Anteon, General Dynamics Information Technology, Inc. (GDIT)",Remote Video Surveillance System (RVSS),"DHS, CBP, DOD,",https://www.usaspending.gov/search/?hash=7e390fa7fe1213cecd1f175f2e62d160,https://www.fpds.gov/ezsearch/search.do?q=%22General+Dynamics%22+DEPARTMENT_FULL_NAME%3A%22HOMELAND+SECURITY%2C+DEPARTMENT+OF%22+CONTRACTING_AGENCY_NAME%3A%22U.S.+CUSTOMS+AND+BORDER+PROTECTION%22&s=FPDS.GOV&templateName=1.5.3&indexName=awardfull,https://www.gdit.com/about-gdit/press-releases/gdit-to-modernize-surveillance-tower-system-for-customs-and-border/,https://theintercept.com/2024/03/12/dhs-border-towers-ai/,https://gdmissionsystems.com/articles/2015/10/15/news-release-10-14-2015-general-dynamics-upgrades-remote-video-surveillance-system-for-cbp
TECH094,Guidehouse,https://guidehouse.com/industries/defense-and-security,"Wide-Ranging Defense, Surveillance, and IT Products/Services","Guidehouse.com: Our defense and security teams support mission-critical projects for U.S. diplomatic, intelligence, law enforcement, and defense agencies. We leverage proven, sustainable methodologies in mission optimization, technology modernization, and financial management in order to compete, deter, and win in our evolving world.",Y,,,Y,,,,Dovel Technologies LLC,,"DHS, DOD, DOJ, DOS, and others",https://www.usaspending.gov/search/?hash=1ca0cf0cd5f0fa5beace0f936cd45a5d,https://www.fpds.gov/ezsearch/fpdsportal?q=guidehouse+DEPARTMENT_FULL_NAME%3A%22HOMELAND+SECURITY%2C+DEPARTMENT+OF%22&s=FPDS.GOV&templateName=1.5.3&indexName=awardfull&x=0&y=0,https://guidehouse.com/industries/defense-and-security/homeland-security-and-law-enforcement,https://app.g2xchange.com/fedciv/posts/dhs-cbp-awards-incident-driven-video-recording-systems-idvrs-lifecycle-program-management-and-services-task,
TECH103,IBM,https://ibm.com/federal,"Wide-Ranging Defense, Surveillance, and IT Products/Services","IBM.com: IBM and our ecosystem of business partners help drive digital transformation of government by building and orchestrating open, secured hybrid cloud environments, improving data integration and developing responsible and trustworthy AI.",Y,Y,Y,Y,Y,,,"Promontory Financial Group, Red Hat Software, Turbonomic, PricewaterhouseCoopers Consulting",,"DHS, DOJ, HHS, DOD, DOI, and others",https://www.usaspending.gov/search/?hash=9bf9af4f06fba03ad50e7bcbd087e313,https://www.fpds.gov/ezsearch/fpdsportal?indexName=awardfull&templateName=1.5.3&s=FPDS.GOV&q=IBM+DEPARTMENT_FULL_NAME%3A%22HOMELAND+SECURITY%2C+DEPARTMENT+OF%22&x=0&y=0,https://www.linkedin.com/posts/troy-edgar-3ba31a_cbp-ice-coastguard-activity-7062616863846895617-OBgO?utm_source=share&utm_medium=member_desktop,https://www.whoprofits.org/publications/report/158,https://www.sifma.org/wp-content/uploads/2018/09/Promontory_Marketing-PDF_SIFMA-Annual-Meeting-2018.pdf
TECH109,Innovative Signal Analysis,https://www.signal-analysis.com/,"RF Signal Processing, Surveillance Cameras","Innovative Signal Analysis, Inc. is a leading provider of real-time signal and image processing systems for the government and remains dedicated to the development of high performance signal processing solutions. ISA works in all phases from concept design, through development and integration, to operations and maintenance of challenging mission critical systems.",,,,Y,,"Products include: Wide Area Video Surveillance System (WAV/XSS), WAV Cloud, WAV Track, WAV Field Response, WAV Detect and Alert",,,,DOD,"No DHS spending data, https://www.usaspending.gov/search/?hash=b4ce25122ccfeb4e453376bbd16785cf","No DHS data, https://www.fpds.gov/ezsearch/fpdsportal?indexName=awardfull&templateName=1.5.3&s=FPDS.GOV&q=Innovative+Signal+Analysis&x=0&y=0",https://www.federalregister.gov/documents/2021/01/28/2021-01890/notice-pursuant-to-the-national-cooperative-research-and-production-act-of-1993-border-security,,
TECH115,JANTEQ,https://www.janteq.com,Video Surveillance SYstems,"Janteq.com: stablished in 2005, Janteq continues its heritage of leading the way with innovation, quality, and support of its customers with next generation specialized wireless communications solutions. Our well-established customers have relied on Janteq to support their most critical requirements while delivering situational awareness for both law enforcement and commercial broadcast entities. Our mission is unchanged and we seek to support each of our customers unique video and data communications needs in both the federal and commercial sectors. We design, manufacture, and support high definition and highly resilient video communications solutions to meet the demands and expectations of all our customers. Janteq is a wholly owned Subsidiary of General Dynamics Mission Systems.",,,Y,Y,,Products include: Ranger2.,General Dynamics,,,"DHS, ICE",https://www.usaspending.gov/search/?hash=42030caca73349f42d5a3408125c4f28,https://www.fpds.gov/ezsearch/search.do?q=Janteq+DEPARTMENT_FULL_NAME%3A%22HOMELAND+SECURITY%2C+DEPARTMENT+OF%22&s=FPDS.GOV&templateName=1.5.3&indexName=awardfull,https://www.documentcloud.org/documents/24403003-2024-02-04-09-38-1?responsive=1&title=1,,
TECH122,"L3Harris Technologies, Inc.",https://www.l3harris.com/,"Wide-Ranging Defense, Surveillance, and IT Products/Services",L3Harris.com: At L3Harris we anticipate and mitigate risk with end-to-end solutions that meet our customers’ mission-critical needs across all domains.,Y,Y,Y,Y,,"Formerly ""L-3 Communications holdings, Merged with Harris. Connected to Lockheed and others. Products include: Nighthawk EO/IR system, WESCAM MX series, .",,"Aerojet Rocketdyne, L3 WESCAM, Azimuth Security, Linchpin Labs,",,"DHS, CBP, DOD, DOS",https://www.usaspending.gov/search/?hash=082654ea7502e0d2f1eb7cf5c131efa0,https://www.fpds.gov/ezsearch/search.do?&q=L3+DEPARTMENT_FULL_NAME%3A%22HOMELAND+SECURITY%2C+DEPARTMENT+OF%22+CONTRACTING_AGENCY_NAME%3A%22U.S.+CUSTOMS+AND+BORDER+PROTECTION%22&s=FPDS.GOV&templateName=1.5.3&indexName=awardfull&start=0,https://www.l3harris.com/sites/default/files/2024-02/L3Harris-2023-Annual-Report--.pdf,https://www.l3harris.com/all-capabilities/nighthawk-eoir-surveillance-system,
TECH124,Leidos,https://www.leidos.com/markets/homeland,"Wide-Ranging Defense, Surveillance, and IT Products/Services, Biometrics","Leidos.com: We understand the active role that IT plays in protecting the homeland, responding to threats and disasters, enforcing and administering our laws, safeguarding cyberspace, and securing our borders. That’s why we integrate, apply and advance IT and supporting services to tackle the challenges we face today and establish a purposeful roadmap for the challenges still to be uncovered, tomorrow. See how we are helping the Department of Homeland Security and national agencies across the world achieve program objectives, on time and on budget.",Y,Y,,Y,,,,"1901 Group Llc, Aranea Solutions Inc., Dynetics, Gibbs & Cox Inc., L3, Leidos, Mission Support Alliance Llc., Qtc, Reveal Imaging Technologies Inc., SAIC, Systems Made Simple Inc., Sytex Inc.",,"DOD, DHS, DOS, CBP, and others",https://www.usaspending.gov/search/?hash=709f10c2570cd6b799e920eacfd6b0de,https://www.fpds.gov/ezsearch/fpdsportal?q=Leidos+DEPARTMENT_FULL_NAME%3A%22HOMELAND+SECURITY%2C+DEPARTMENT+OF%22+CONTRACTING_AGENCY_NAME%3A%22U.S.+CUSTOMS+AND+BORDER+PROTECTION%22&s=FPDS.GOV&templateName=1.5.3&indexName=awardfull&x=0&y=0,https://investigate.afsc.org/company/leidos-holdings,,
TECH129,Lockheed Martin,https://www.lockheedmartin.com/en-us/capabilities/c4isr.html,"Wide-Ranging Defense, Surveillance, and IT Products/Services","Lockheedmartin.com: Lockheed Martin’s C4ISR technologies bring clarity to global complexity. We’re developing the technologies and infrastructure to detect and act with speed, precision and confidence. Discover how we’re using advanced C4ISR solutions to turn abstract data into operational decidedness",Y,,Y,Y,,,Lockheed Martin Corporation,"Sikorsky Aircraft Corporation, Lockheed Martin Services, Lockheed Martin Coherent Technologies, Zeta Associates, Lockheed Martin Aeronautical Systems Support Company",,"DOD, DHS",https://www.usaspending.gov/search/?hash=cdba6d5ff7d66a21231b937c3ad8f6d1,https://www.fpds.gov/ezsearch/fpdsportal?q=Lockheed+Martin+DEPARTMENT_FULL_NAME%3A%22HOMELAND+SECURITY%2C+DEPARTMENT+OF%22&s=FPDS.GOV&templateName=1.5.3&indexName=awardfull&x=0&y=0,https://www.tni.org/files/publication-downloads/bidens-border-briefing-tni-feb14.pdf,https://investigate.afsc.org/company/lockheed-martin,
TECH145,Northrup Grumman,https://www.northropgrumman.com/,"Wide-Ranging Defense, Surveillance, and IT Products/Services","Northropgrumman.com: At Northrop Grumman we define possible by pioneering technologies at the edge of every frontier and creating revolutionary technology to connect, advance and protect the U.S. and its allies.",Y,Y,,Y,,,Northrop Gruman,"Northrop Grumman Information Technology Inc., Northrop Grumman Enterprise Management Services Corporation, Northrop Grumman Systems Corporation, Northrop Grumman Security Systems LLC",,"DHS, DOD, SSA, GSA",https://www.usaspending.gov/search/?hash=d74b76c2e2eee1e0fb7efa52340fcf63,https://www.fpds.gov/ezsearch/fpdsportal?q=Northrop+Grumman+DEPARTMENT_FULL_NAME%3A%22HOMELAND+SECURITY%2C+DEPARTMENT+OF%22&s=FPDS.GOV&templateName=1.5.3&indexName=awardfull&x=0&y=0,https://www.tni.org/files/publication-downloads/bidens-border-briefing-tni-feb14.pdf,,
TECH155,Parsons Corporation,https://www.parsons.com/,"Wide-Ranging Defense, Surveillance, and IT Products/Services, Unmanned Aerial Systems (UAS)",Parsons.com: Harnessing the potential of artificial intelligence (AI) to transform the way government and commercial industries operate and innovate. We operate an industry-leading aviation-based sUAS program. Our pilots are Federal Aviation Administration (FAA) and Transport Canada–certified and trained by experienced instructor-pilots who oversee mission training and qualifications for our staff.,Y,,Y,Y,Y,"Products include: ""Intellisight"" hemoglobin filter.",,"Parsons Government Services Inc., Williams Electric, Polaris Alpha, OG Systems, QRC Technologies, Polaris Alpha Advanced Systems, Braxton Science & Technology Group, Blackhorse Solutions, Echo Ridge LLC, Xator Corporation, IPKeys Power Partners And IPKeys Cyber Partners, Sealing Technologies, Inc.",,DHS,https://www.usaspending.gov/search/?hash=1c7e625834a4c329523acfa114e5184b,https://www.fpds.gov/ezsearch/search.do?q=Parsons+DEPARTMENT_FULL_NAME%3A%22HOMELAND+SECURITY%2C+DEPARTMENT+OF%22&s=FPDS.GOV&templateName=1.5.3&indexName=awardfull,https://www.marketscreener.com/quote/stock/PARSONS-CORPORATION-57878457/news/Parsons-Selects-ISC-For-Next-Generation-Imaging-Unattended-Ground-Sensors-36469844/,https://www.federalcompass.com/award-contract-detail/70B06C22D00000005,
TECH159,Peraton,https://www.peraton.com/missions/homeland-security/,"Aerostats, Wide-Ranging Defense, Surveillance, and IT Products/Services","Peraton.com: For more than a decade, Peraton has been on the border developing and maintaining advanced systems and technologies to give our nation’s border protection agents the critical communications infrastructure they need to protect our borders.",Y,Y,Y,Y,,"Products include: Tethered Aerostats, Data processing.",,"Perspecta Inc., Peraton Labs, Strategic Resources International, Inc., Solers, Inc., ViON Corporation, Veritas Capital",Tethered Aerostat Radar System (TARS),"CBP, DHS, DOS, DOD",https://www.usaspending.gov/search/?hash=6e515251fd39fbd776c89417d370300a,https://www.fpds.gov/ezsearch/search.do?q=Peraton+DEPARTMENT_FULL_NAME%3A%22HOMELAND+SECURITY%2C+DEPARTMENT+OF%22+CONTRACTING_AGENCY_NAME%3A%22U.S.+CUSTOMS+AND+BORDER+PROTECTION%22+VENDOR_FULL_NAME%3A%22PERATON+INC.%22&s=FPDS.GOV&templateName=1.5.3&indexName=awardfull&sortBy=PRINCIPAL_NAICS_CODE&desc=Y,https://www.peraton.com/news/peraton-awarded-tethered-aerostat-radar-system-program-recompete-worth-up-to-277-5m/,https://www.fpds.gov/ezsearch/search.do?q=QinetiQ+CONTRACTING_AGENCY_NAME%3A%22U.S.+CUSTOMS+AND+BORDER+PROTECTION%22+VENDOR_FULL_NAME%3A%22PERATON+SERVICES+%26+SOLUTIONS+INC.%22&s=FPDS.GOV&templateName=1.5.3&indexName=awardfull,https://investigate.afsc.org/company/peraton
TECH170,Rohde and Schwarz USA,https://www.rohde-schwarz.com/us/solutions/aerospace-defense-security/security/overview/border-and-perimeter-surveillance-overview_110946.html,"Wide-Ranging Defense, Surveillance, and IT Products/Services, RF Sensors","Rohde-schwarz.com: The diverse nature of border defense is matched by an equally diverse array of threats ranging from terrorists to drug smugglers, arms dealers and human traffickers. Conventionally borders are monitored and protected by using traditional measures such as mobile patrol units, video cameras and physical barriers. Due to the increasing number of unlawful cross-border activities and criminal organizations today, additional systems for monitoring wireless communications have become necessary.",Y,,Y,Y,,"Products include: R&S CEPTOR, R&S UM400, radio frequency passive monitoring systems, SOLVERON radio family, OIR sensors.",,Rohde and Schwarz Ltd.,,"DHS, CBP, DOD, and others",https://www.usaspending.gov/search/?hash=499cc07e711a651bc92717cafc6e192b,https://www.fpds.gov/ezsearch/fpdsportal?q=Rohde+%26+Schwarz+DEPARTMENT_FULL_NAME%3A%22HOMELAND+SECURITY%2C+DEPARTMENT+OF%22+CONTRACTING_AGENCY_NAME%3A%22U.S.+CUSTOMS+AND+BORDER+PROTECTION%22&s=FPDS.GOV&templateName=1.5.3&indexName=awardfull&x=0&y=0,https://scdn.rohde-schwarz.com/ur/pws/dl_downloads/pdm/cl_brochures_and_datasheets/fact_sheet/5216_3895_32/Border-protection-with-CEPTOR_cs_en_5216-3895-32_v0100.pdf,,
TECH174,SAIC,https://www.saic.com/,"Counter-UAS (C-UAS), Automated License Plate Readers (ALPR), Biometric Testing and Evaluation, Wide-Ranging Defense, Surveillance, and IT Products/Services","Saic.com: SAIC® is a premier Fortune 500® technology integrator focused on advancing the power of technology and innovation to serve and protect our world. Our robust portfolio of offerings across the defense, space, civilian and intelligence markets includes secure high-end solutions in mission IT, enterprise IT, engineering services and professional services. We integrate emerging technology, rapidly and securely, into mission critical operations that modernize and enable critical national imperatives.",Y,Y,Y,Y,,,Leidos Holdings,"Scitor Holdings, Inc., Engility, Unisys, Halfaker and Associates. Science Applications International Corporation (SAIC Canada), Apogee-SAIC Capabilities Integrator LLC.",ALPR Modernization,"DHS, DOD",https://www.usaspending.gov/search/?hash=075ba8575ba0c9b3fb619d8368f3d516,https://www.fpds.gov/ezsearch/fpdsportal?indexName=awardfull&templateName=1.5.3&s=FPDS.GOV&q=SAIC+DEPARTMENT_FULL_NAME%3A%22HOMELAND+SECURITY%2C+DEPARTMENT+OF%22&x=0&y=0,https://www.saic.com/features/CBP-modernizes-license-plate-recognition-with-saic-expertise,https://www.saic.com/features/biometrics-facial-iris-recognition-protect-nations-airports,https://investigate.afsc.org/company/leidos-holdings
TECH194,"SOS International, LLC",https://www.sosi.com/,"IT Services, Cybersecurity, Intelligence Services","Sosi.com: SOSi provides cleared ISR engineers and operators to identify, evaluate, test, modernize, and rapidly field new ISR systems, technologies, and programs to U.S. and Allied militaries and governments around the globe. Our ISR experts perform requirements analysis and systems engineering/integration tasks at the theater and national levels; assist with exercise support and system test designs; and maintain and modify Command, Control, Communications, Computers, Intelligence, Surveillance and Reconnaissance (C4ISR) systems.",Y,,Y,Y,,,"SOS International Ltd., SOSi",,,"DHS, DOD, GSA, DOJ",https://www.usaspending.gov/search/?hash=19a5e2fcb7319b8685206d28783e3ff8,https://www.fpds.gov/ezsearch/fpdsportal?q=SOS+International+DEPARTMENT_FULL_NAME%3A%22HOMELAND+SECURITY%2C+DEPARTMENT+OF%22&s=FPDS.GOV&templateName=1.5.3&indexName=awardfull&x=0&y=0,https://www.govconwire.com/2018/08/ice-vet-peter-edge-named-sosi-vp-for-corporate-security-julian-setian-comments/,https://www.google.com/url?sa=t&source=web&rct=j&opi=89978449&url=https://www.sosi.com/refugee-emergency-operations/, 
TECH200,Strix Drones,https://www.strixdrones.com/use-cases/defense/,Unmanned Aerial Systems (UAS),"Strixdrones.com: Strix systems provide forces with versatile capabilities designed for remote surveillance and monitoring, along with seamless integration into existing command and control systems for enhanced security applications. The Strix family of systems offers secure storage and charging for UAS, alongside options for data offload and storage, empowering your security operations with unparalleled efficiency and effectiveness. Protect your borders and bases with confidence using Strix solutions.",Y,,Y,Y,,Products include: STRIX-DF.,Strix Drones (Israel),StrixDrones USA,,No data,No data,No data,https://spectrumnews1.com/oh/dayton/news/2023/07/27/israeli-company-launches-drone-airport-manufacturing-in-dayton#,,
TECH201,Strongwatch,https://strongwatch.com/,Mobile Surveillance Towers,"Stongwatch.com: Freedom Surveillance, LLC dba Strongwatch develops and sells innovative, integrated imaging systems for detection and surveillance. Our rugged, reliable and easy to use mobile ""On-The-Move"" systems are being deployed for border security, law enforcement and mission intelligence. Additionally, our fixed solutions, which leverage our patented Human Detection and Tracking, solve the need for effective and affordable round-the-clock protection of wide-area critical infrastructure.",,,Y,Y,,"Products include: Strongwatch MVSS, Human Detection, thermal imaging. .",,Freedom Surveillance LLC dba Strongwatch,Mobile Video Surveillance Systems (MVSS),DOT,DOT contract for Strongwatch operator training: https://www.usaspending.gov/search/?hash=1a3926cd9da77416e57299ca2dd05c2d,https://www.fpds.gov/ezsearch/fpdsportal?q=Freedom+Surveillance++ULTIMATE_UEI_NAME%3A%22FREEDOM+SURVEILLANCE++LLC%22&s=FPDS.GOV&templateName=1.5.3&indexName=awardfull&x=0&y=0,https://www.insidetucsonbusiness.com/news/the_next_generation/strongwatch-surveillance-system-gives-police-military-situational-awareness/article_08ee2e40-4a30-11e2-b033-001a4bcf887a.html,,
TECH205,Teledyne FLIR,https://www.flir.com/surveillance/border-surveillance/,"Mobile Surveillance Capabilties (MSCs), Lightweigh Vehicle Surveillance Systems (LVSS), Thermal Imaging, Mobile Surveillance Towers","Flir.com: Border security and surveillance is a 24/7 operation that can’t afford downtime or periods of reduced readiness. Guarding against illegal immigration, smuggling, and terrorism demands reliable long-range threat detection and positive identification of potential threats all day, all night, and in all conditions.
Whether your primary targets are small boats on the water, or people crossing borders on foot, Teledyne FLIR’s high performance cameras and radars can give you the early warning and threat assessment you need to respond efficiently and effectively. With industry standard interfaces, Teledyne FLIR components are easy to integrate with the command and control solution you desire to create the rapid deployment solution you need.",Y,,Y,Y,Y (Via Flir),"Products include: Cameras, Imaging, Radar, CBRNE detection, MVSS. Teledyne acquired FLIR in 2021.",,,"Mobile Surveillance Capability (MSC), Low Altitude Autonomous Safety and Situational Awareness for Officers (LASO) , Lightweight Video Surveillance System (LVSS)/Mobile Surveillance Capability Lite (MSC-LITE)","DHS, CBP",https://www.usaspending.gov/search/?hash=a24475ba4daa144f9175938cd59e0b81,"https://www.fpds.gov/ezsearch/fpdsportal?q=%22mobile+surveillance+capability%22+CONTRACTING_AGENCY_NAME%3A%22U.S.+CUSTOMS+AND+BORDER+PROTECTION%22+VENDOR_FULL_NAME%3A%22FLIR+INTEGRATED+SYSTEMS%2C+INC.%22&s=FPDS.GOV&templateName=1.5.3&indexName=awardfull&x=0&y=0 , https://www.fpds.gov/ezsearch/fpdsportal?indexName=awardfull&templateName=1.5.3&s=FPDS.GOV&q=%22lightweight+vehicle+surveillance+system%22&x=0&y=0",https://verticalmag.com/news/flir-systems-completes-acquisition-of-icx-technologies-for-268-million-html/,https://www.flir.com/news-center/military/flir-wins-awards-worth-up-to-$23m-from-us-customs-and-border-protection-for-improved-ground-and-air-surveillance-capabilities/,https://investigate.afsc.org/company/teledyne-technologies
TECH211,TRAKKA Systems,https://www.trakkasystems.com/,"Surveillance Cameras, Counter Unmanned Aerial Systems (C-UAS), Unmanned Aerial System Cameras/Sensors","Trakkasystems.com: For more than two decades, Trakka Systems has been a pioneerin providing Critical Vision Technologies for airborne, land, andmaritime missions. Founded in 1995, Trakka operates engineering, manufacturing andservice facilities in Australia, Sweden and the United States. Ourcutting-edge products have gained global recognition and are embraced bymilitary, law enforcement, and commercial organizations.Our systems support a myriad of missions and are tailored to thespecific requirements of our customers. They are typically integratedinto helicopters, fixed-wing aircraft, unmanned aerial vehicles (UAVs),ground vehicles and maritime vessels.",,,Y,Y,,"Products include: TrakkaCam® gyro-stabilized multi-spectral imagers, TrakkaBeam® high-intensity searchlights, and TrakkaMaps® mapping and mission management software, TIPS-C CUAS.",TRAKKA Systems,"TRAKKA USA LLC,",,DHS,https://www.usaspending.gov/search/?hash=50a5ad88d75547b1fe0e8f15480707e3,https://www.fpds.gov/ezsearch/fpdsportal?q=trakka+DEPARTMENT_FULL_NAME%3A%22HOMELAND+SECURITY%2C+DEPARTMENT+OF%22+ULTIMATE_UEI_NAME%3A%22TRAKKA+USA%22&s=FPDS.GOV&templateName=1.5.3&indexName=awardfull&x=0&y=0,https://www.trakkasystems.com/border-security-land/,https://migration-control.info/en/library/profiteers/trakka-systems/,https://www.youtube.com/channel/UCAhsrmGkrzYVHS1MIfjKGlw
TECH227,"Will-Burt Company, the",https://www.willburt.com/industries-served/border-patrol/,Mobile Surveillance Towers,"Willburt.com: Will-Burt designs and manufactures a variety of elevation, trailer, security and Will-Burt designs and manufactures a variety of elevation, trailer, security and integrated solutions to enhance the performance and safety of Border operations around the world. These solutions have been field tested and proven in a variety of environments such as the sub-freezing climate of the Arctic to the sands and extreme heat of the harshest desert regions. Border Patrol agents can be assured of optimal performance time after time. integrated solutions to protect and secure borders and high value assets across the country and around the world. A variety of portable telescoping masts and towers optimize performance of surveillance and communications equipment ensuring the safety of agents, citizens and property. These MIL-STD-810 standard solutions are field tested and proven in a variety of environments such as the sub-freezing climate of the Arctic to the sands and extreme heat of the harshest desert regions. With Will-Burt’s telescoping mast solutions, Border officers can be assured fast, optimal performance every time.",,,Y,Y,,Products include: Stiletto Telescoping Mast Series.,,"PureTech Systems, Inc.",Mobile Video Surveillance Systems (MVSS),"DHS, ICE, CBP",https://www.usaspending.gov/search/?hash=2cbcac79426d7f35e549dc5585904fc0,https://www.fpds.gov/ezsearch/search.do?q=will-burt+company+DEPARTMENT_FULL_NAME%3A%22HOMELAND+SECURITY%2C+DEPARTMENT+OF%22&s=FPDS.GOV&templateName=1.5.3&indexName=awardfull,https://www.dhs.gov/sites/default/files/publications/cbp_-_fy_2020_expenditure_plan_cbp_procurement_construction_and_improvement.pdf,https://www.border-security-report.com/puretech-and-will-burt-collaboration-launch-modular-mobile-surveillance-system-m2s2/,
TECH004,Advanced Technology Systems Company (ATSC),https://www.atscva.com/category/products/vehicle-mobile-surveillance-solution/,"Counter-Unmanned Aerial Surveillance Systems (C-UAS), Mobile Surveillance Towers","Atsva.com: Advanced Technology Systems Company (ATSC) is a U.S. Defense and Government contracting company that specializes in providing government and defense agencies, domestic and global, with technology solutions for their Communication, Systems Integration, Cyber Security, Force Protection, and Logistics needs through our extensive domestic and Foreign Military Sales (FMS) experience. At ATSC, we design and implement solutions that ensure our clients’ air, land, and sea operations are able to achieve optimal results.",Y,,Y,,Y,"Products include: M2SV, MBSV, DroneSting.",,"Advanced Technology Systems Company Inc., Advanced Technology Systems Inc., ",Mobile Video Surveillance Systems (MVSS),"DHS, CBP, DOD, DOS",https://www.usaspending.gov/search/?hash=2eb0cebff6c38984691b21c5c0b7ba13,https://www.fpds.gov/ezsearch/search.do?q=Advanced+Technology+Systems+Company+DEPARTMENT_FULL_NAME%3A%22HOMELAND+SECURITY%2C+DEPARTMENT+OF%22+CONTRACTING_AGENCY_NAME%3A%22U.S.+CUSTOMS+AND+BORDER+PROTECTION%22&s=FPDS.GOV&templateName=1.5.3&indexName=awardfull,https://www.defensedaily.com/cbp-awards-new-surveillance-tower-contracts-to-atsc-gd-elbit/homeland-security/,,
TECH006,Akima,https://www.akima.com/,"Wide-Ranging Defense, Surveillance, and IT Products/Services","akima.com: Akima maintains a portfolio of small businesses, 8(a) companies, and operating companies that deliver simplified and accelerated access to the products and services agencies need to ensure mission success.",Y,Y,,,,,,Affigent,,"DHS, DOD and others",https://www.usaspending.gov/search/?hash=812412f2ea1dbfce386db21410741bd8,https://www.fpds.gov/ezsearch/fpdsportal?indexName=awardfull&templateName=1.5.3&s=FPDS.GOV&q=Akima+DEPARTMENT_FULL_NAME%3A%22HOMELAND+SECURITY%2C+DEPARTMENT+OF%22&x=0&y=0,https://www.akima.com/wp-content/uploads/2020/12/Akima-Capability-Brochure_Protective-Services.pdf,https://www.linkedin.com/posts/akima_bordersecurityexpo-bordersecurity-activity-7198768050026803200-7Ahn?utm_source=share&utm_medium=member_desktop,
TECH021,Benchmark Secure Technology (Tactical Micro),https://www.bench.com/surveillance-threat-detection,Mobile Surveillance Towers,"Bench.com: Whether it be our Integrated Surveillance System (ISS), used by U.S. Border Patrol to keep America's borders safe and secure, or our new high-performance imaging system, our goal is to give professionals the situational awareness tools they need to achieve their objectives.",Y,,Y,,Y,"Products include: MVSS units, integrated surveillance systems..",Benchmark Electronics,Tactical Micro,Mobile VIdeo Surveillance Systems (MVSS),"DHS, CBP",https://www.usaspending.gov/search/?hash=b30f863f66d00d177617812151ddfd60,https://www.fpds.gov/ezsearch/fpdsportal?indexName=awardfull&templateName=1.5.3&s=FPDS.GOV&q=CONTRACTING_AGENCY_NAME%3A%22U.S.+CUSTOMS+AND+BORDER+PROTECTION%22+VENDOR_FULL_NAME%3A%22TACTICAL+MICRO%2C+INC.%22+UEI_NAME%3A%22TACTICAL+MICRO%2C+INC.%22&x=0&y=0,https://investigate.afsc.org/company/benchmark-electronics,https://www.defensedaily.com/cbp-awards-tactical-micro-50m-for-mvss-after-year-long-delay/uncategorized/,https://www.cnet.com/tech/computing/trumps-border-wall-could-be-a-virtual-barrier-patrolled-by-drones-too/
TECH023,Blighter Surveillance Systems,https://www.blighter.com/key-markets/national-border-security/,"Counter-Unmanned Aerials Vehicles (C-UAS), Radar","Blighter.com: The Blighter radar uses patented, state-of-the-art electronic-scanning (e-scan), FMCW and Doppler signal processing technology to provide a robust, ultra-reliable, zero moving parts remote sensor that will detect intruders and cross-border activities in all weather conditions and in most environments. The Blighter radar is ideally suited to remote detection over large open-areas of land including rocky mountainous terrain.",Y,,Y,,,"Products include: B422 LR (Long Range) Border Surveillance System, B400 series radar, Blighterview HMI 2 software, Blightertrack target tracking software, A800 3d UAV detection with AI.",,JGW Group (Strategic Partner),,No data,No data,No data,https://www.blighter.com/products/b422-lr-border-surveillance-system/,https://www.unmannedairspace.info/counter-uas-systems-and-policies/blighter-appoints-jgw-group-to-help-expand-counter-drone-services-in-the-us/,https://www.gsaelibrary.gsa.gov/ElibMain/home.dohttp:/www.gsaelibrary.%20gsa.gov/ElibMain/contractorInfo.do?contractNumber=47QSMA19D08QX&contractorName=J.G.W.+%28INTERNATIONAL%29+LTD.&executeQuery=YES
TECH026,Boeing Company,https://www.boeing.com/defense/autonomous-systems#remote,"Wide-Ranging Defense, Surveillance, and IT Products/Services","Boeing.com: Unmanned aircraft systems (UAS) can fill gaps that are seemingly impossible. From providing safer inspections in dangerous or harsh environments to assessing hard-to-reach places, we deliver real-time information our customers need for unparalleled global business intelligence. With more than 10 years of UAS flight services and information delivery experience, Boeing-Insitu can help maximize the power of UAS, safely, providing detailed, actionable information for real-time decisions.",Y,Y,,,,Products include: X-200 Unmanned Aerial Vehicle (UAV) System and ScanEagle™ software.,Boeing,"Insitu, Inc., Insitu Pacific Limited, Digital Receiver Technology",DHS Secure Border Initiative (SBInet) 2005-2011.,"DOD, DHS",https://www.usaspending.gov/search/?hash=588291aa5d924b7fcac1dfee2e425dce,https://www.fpds.gov/ezsearch/fpdsportal?q=Boeing+DEPARTMENT_FULL_NAME%3A%22HOMELAND+SECURITY%2C+DEPARTMENT+OF%22+CONTRACTING_AGENCY_NAME%3A%22U.S.+CUSTOMS+AND+BORDER+PROTECTION%22&s=FPDS.GOV&templateName=1.5.3&indexName=awardfull&x=0&y=0,https://www.spytalk.co/p/boeings-billion-dollar-border-flop,https://www.safetyact.gov/at/?view=&search=The%20Boeing%20Company&page=2,
TECH027,Bounce Imaging,https://bounceimaging.com/homeland-security/,360° Cameras,"Bounceimaging.com: “Whether in container and confined space inspection or tactical scenarios, Bounce Imaging’s world-class imaging technologies offer the men and women of U.S Customs and Border Protection easy-to-use, rugged, and reliable surveillance solutions for the most challenging environments, allowing agents to do their important work more safely and more efficiently” said Mark Fargason, COO at Bounce Imaging.",,,Y,,Y,"Products include: Explorer™ Unleashed 2.0 cameras, Recce 360 Minis, Land Shark K-9 Camera systems..",,,,"DOD, DOJ, DHS, CBP and others",https://www.usaspending.gov/search/?hash=7c5febd9606a4d325554a458758aa6e9,https://www.fpds.gov/ezsearch/search.do?q=Bounce+Imaging+CONTRACTING_AGENCY_NAME%3A%22U.S.+CUSTOMS+AND+BORDER+PROTECTION%22&s=FPDS.GOV&templateName=1.5.3&indexName=awardfull,https://bounceimaging.com/2022-5-2-bounce-imaging-raises-4-2-million-series-a-prime-round-adds-former-pentagon-chief-to-board/,,
TECH037,Cemtrex Inc,https://cemtrex.com/,Surveillance Cameras,"Cemtrax.com: Since 2004, Cemtrex has been a leading technology partner for the world’s most influential brands, empowering them with innovative technology that drives their businesses and their products....In recent years, we’ve shifted into emergent technologies like AI-based analytics, smart video management solutions to help businesses and organizations world-wide find new value through technology.",Y,,,,,,,"Vicon Industries Inc., AIS",,"DHS, DOJ, DOD, and others",Vicon Industries: https://www.usaspending.gov/search/?hash=8c8e0d0de17fe234cae8a110fa03b438,https://www.fpds.gov/ezsearch/fpdsportal?q=Cemtrex+DEPARTMENT_FULL_NAME%3A%22HOMELAND+SECURITY%2C+DEPARTMENT+OF%22+++UEI_NAME%3A%22VICON+INDUSTRIES+INC%22&s=FPDS.GOV&templateName=1.5.3&indexName=awardfull&x=0&y=0,https://investigate.afsc.org/company/cemtrex,,
TECH038,Chess Dynamics,https://www.chess-dynamics.com/Surveillance,"Counter-Unmanned Aerial Systems (C-UAS), Surveillance Cameras","Chess-dynamics.com: Chess’ electro optic surveillance systems provide 24-hour passive surveillance and target identification. By using the latest generation of advanced multi-spectral sensors, which include field proven MWIR and LWIR Thermal Imaging (TI) technology, our systems can detect, recognise, and identify threats.",Y,,Y,,,"Products include: Piranha series cameras, Condor series cameras, Hawkeye fixed and mobile surveillance systems..",,"Cohort PLC group, Vision4ce",,No data,No data,No data,https://www.chess-dynamics.com/Surveillance/Land,,
TECH039,Clear Align,https://clearalign.com/Borders,"Surveillance Cameras, Video Analytics/Computer Vision","Clearalign.com: The United States and 17 other nations rely on Clear Align for surveillance of ports, borders and critical infrastructure. Whether carried by an agent, installed on fixed or mobile towers, manned/unmanned ground vehicles, aerostats or manned/unmanned aircraft, our infrared and visible imaging solutions reliably in the most demanding environments.",Y,,Y,,,"Products include: MirZ series lenses, SirZ series lenses, VIF series lenses, Z series lenses, VZ series lenses. The technology can be used for UAS.",,,,DOD,"No DHS spending data, https://www.usaspending.gov/search/?hash=97b5c480fa761346c09ecae311b9d7ed","No DHS spending data, https://www.fpds.gov/ezsearch/fpdsportal?indexName=awardfull&templateName=1.5.3&s=FPDS.GOV&q=++UEI_NAME%3A%22CLEAR+ALIGN+LLC%22++&x=20&y=9",https://clearalign.com/News/clear-align-increases-operational-availability-on-the-us-border,,
TECH235,Clear Align,https://clearalign.com/Borders,"Surveillance Towers, Surveillance Cameras","The United States and 17 other nations rely on Clear Align for surveillance of ports, borders and critical infrastructure. Whether carried by an agent, installed on fixed or mobile towers, manned/unmanned ground vehicles, aerostats or manned/unmanned aircraft, our infrared and visible imaging solutions reliably in the most demanding environments.",Y,,Y,,,,,,RVSS-NB,FAA,No DHS Spending Data. Purchases made through FAA. https://www.usaspending.gov/search/?hash=6224a1dc609a6079afb63248e130d1c5,No DHS spending data. Purchase made through FAA https://www.fpds.gov/ezsearch/search.do?q=clear+align+DEPARTMENT_FULL_NAME%3A%22TRANSPORTATION%2C+DEPARTMENT+OF%22&s=FPDS.GOV&templateName=1.5.3&indexName=awardfull,,,
TECH044,Constellis,https://www.constellis.com/,"Wide-Ranging Defense, Surveillance, and IT Products/Services","Constellis.com/services/uas: Constellis’ UAS project experience ranges from aerial mapping and geospatial surveying to maritime surveillance, critical infrastructure security and threat analysis for government and commercial customers.",Y,,Y,,,,"Constellis Holdings, LLC","Centerra Group LLC, Wackenhut Corp., G4S Government Solutions, Triple Canopy LLC, Omniplelx World Services Corporation",,"DHS, DOE, DOD, DOJ, DOS and others",Triple Canopy: https://www.usaspending.gov/search/?hash=0ee3207dc4c02494b6fab6ce9d4e3a34,https://www.fpds.gov/ezsearch/fpdsportal?indexName=awardfull&templateName=1.5.3&s=FPDS.GOV&q=Constellis+DEPARTMENT_FULL_NAME%3A%22HOMELAND+SECURITY%2C+DEPARTMENT+OF%22&x=0&y=0,https://www.linkedin.com/posts/brianammerman_come-and-visit-our-awesome-clients-at-constellis-activity-7198723936644202496-tm-2?utm_source=share&utm_medium=member_desktop,https://constellis.com/press/constellis-awarded-two-department-of-homeland-security-federalprotective-service-contracts/,
TECH045,Controp USA,https://www.controp.com/,"Surveillance Cameras, Video Analytics/Computer Vision","Controp.com: CONTROP Precision Technologies Ltd. is a privately owned company headquartered in Hod HaSharon, Israel, that specializes in the development and production of EO/IR systems for intelligence, surveillance, reconnaissance and targeting missions for air, land, and maritime applications including Homeland Security, Defense, and more.",Y,,Y,,Y,Controp USA technology is designed for UAS and counter-UAS systems.,,,,"DHS, DOD",https://www.usaspending.gov/search/?hash=c9876dc22e54a56fdbdbe6bb467dd51b,https://www.fpds.gov/ezsearch/fpdsportal?indexName=awardfull&templateName=1.5.3&s=FPDS.GOV&q=Controp+DEPARTMENT_FULL_NAME%3A%22HOMELAND+SECURITY%2C+DEPARTMENT+OF%22&x=0&y=0,https://www.controp.com/press-releases/cbp-speed-lr/,https://www.linkedin.com/pulse/homeland-security-surveillance-camera-market-2024-eky4c/,
TECH048,Critical Tech Solutions,https://www.criticalts.com/,Mobile Surveillance Towers,"Criticalts.com/the-ratt: The RATT can be deployed in less than half the time of most camera trailers in a matter of minutes. For you, that means you don’t miss a beat at any special event or critical incident. In an emergency, being able to set up, install, and deploy your portable camera or antenna mast is critical to the success of your operation. After all, you need to have constant coverage and be prepared to hit the ground running when disaster strikes. The RATT enables you to do just that by providing you with a quick-deploy tower that gets you started on the task at hand (calmly).",Y,,Y,,,Products include: The RATT (Rapid All-Terrain Tower).,Propel OPS LLC,,,"DHS, Commerece Dept.",https://www.usaspending.gov/search/?hash=4b5487edd0a444479455cff384e231c3,https://www.fpds.gov/ezsearch/fpdsportal?q=Propel+Ops+DEPARTMENT_FULL_NAME%3A%22HOMELAND+SECURITY%2C+DEPARTMENT+OF%22&s=FPDS.GOV&templateName=1.5.3&indexName=awardfull&x=0&y=0,https://www.tips-usa.com/vendorProfile.cfm?RecordID=775A50C4FC1C2A17A0DFFC226DD6D399,https://x.com/CriticalTS/status/1793000936077701215,
TECH049,Cspeed,https://www.cspeed.com/,Aerostats,"Cspeed.com: C Speed is a Small Business that provides radar OEM products and integrated intelligence, surveillance, and reconnaissance (ISR) solutions including but not limited to IFF, ADS-B, Optics, ELINT, AIS and Comm to its ISR customers...To support national security missions along the southwest border, U.S. Customs and Border Protection has awarded TARS to QinetiQ US. C Speed has been issued a subcontract by prime contractor QinetiQ US as part of their recently awarded TARS contract. QinetiQ has received a U.S. Department of Homeland Security (DHS) Customs and Border Protection (CBP) Air and Marine (AMO) Tethered Aerostat Radar System (TARS) Operations & Maintenance (O&M) III contract, comprising one base with four option years, valued at $170M.",,,,,Y,"Products include: LSR-1000 family of radar surveillance equipment.Subcontractor of QinetiQ, part of ""ACES"" team for TARS program fr. om CBP which includes CSpeed, Elevtated Technologies, and Skyship Services",,,Tethered Aerostat Radar System (TARS),DHS,https://www.usaspending.gov/search/?hash=dd427fe2ce72436dd49a278d2fd29db0,https://www.fpds.gov/ezsearch/fpdsportal?q=%22aerostat%22+CONTRACTING_AGENCY_NAME%3A%22U.S.+CUSTOMS+AND+BORDER+PROTECTION%22+VENDOR_FULL_NAME%3A%22C+SPEED%2C+LLC%22&s=FPDS.GOV&templateName=1.5.3&indexName=awardfull&x=0&y=0,https://www.cspeed.com/tars-award-pr,,
TECH058,"DeTect, Inc.",https://detect-inc.com/,"Counter-UAS (C-UAS), Radar","Detect-inc.com: DeTect, Inc specializes in advanced 2D and True3D™ radar and related remote sensing technologies and systems, with Artificial Intelligence target classification technology, for aviation safety, security and surveillance, drone defense and environmental protection and renewable energy with over 600 radar systems delivered worldwide since 2003.",Y,,Y,,,Products include: DroneWatcher.,,,,"DOD, HHS","No DHS Data, https://www.usaspending.gov/search/?hash=2568c512789cc3390d74e8c259f6d547",No DHS Data https://www.fpds.gov/ezsearch/fpdsportal?indexName=awardfull&templateName=1.5.3&s=FPDS.GOV&q=%22DeTect+Inc%22+&x=0&y=0,https://www.linkedin.com/posts/detect_detectinc-dronedetection-innovation-activity-7211326044115476480-XP2m?utm_source=share&utm_medium=member_desktop,https://www.researchgate.net/publication/260671776_The_DeTect_Inc_RAPTOR_VAD-BL_radar_wind_profiler,
TECH067,Eagle Eye Networks,https://www.een.com/,Surveillance Camera Management Software,"Een.com: Eagle Eye Networks is the global leader in cloud video surveillance, delivering cyber-secure, cloud-based video with artificial intelligence (AI) and analytics to make businesses more efficient and the world a safer place. Eagle Eye provides security and real-time business intelligence, helping organizations of all sizes and types optimize operations.",Y,,Y,,,Products include: Eagle Eye Security Camera VMS.,,,,No data,No data,"No federal spending data. Eagle Eye Systems are sold to the federal government through other vendors, per company website FAQ.",https://www.een.com/support/cloud-vms-faq/,,
TECH070,Elbit Systems of America (also known as EFW Inc),https://www.nextgenborder.com/,"Surveillance Towers, Unattanded Ground Sensors (UGS), Unmanned Aerial Systems (UAS), Counter-Unmanned Aerial Systems (C-UAS), Mobile Surveillance Towers, Radar","Elbit Systems of America LinkedIn: Elbit Systems of America is a leading provider of high performance products and system solutions focusing on the defense, homeland security, commercial aviation and medical instrumentation markets. With facilities throughout the United States, Elbit Systems of America is dedicated to supporting those who contribute daily to the safety and security of the United States. Elbit Systems of America, LLC is wholly owned by Elbit Systems Ltd. (NASDAQ: ESLT), a global electronics company engaged in a wide range of programs for innovative defense and commercial applications.",Y,,Y,,Y,Products include: Integrated Fixed Towers (IFTs).,Elbit Systems (Israel),,,"DHS, CBP, DOD",https://www.usaspending.gov/search/?hash=cf181897811e1995a01ad36c415e3c90,https://www.fpds.gov/ezsearch/fpdsportal?q=Elbit+DEPARTMENT_FULL_NAME%3A%22HOMELAND%20SECURITY%2C%20DEPARTMENT%20OF%22+CONTRACTING_AGENCY_NAME%3A%22U.S.%20CUSTOMS%20AND%20BORDER%20PROTECTION%22+ULTIMATE_UEI_NAME%3A%22ELBIT%20SYSTEMS%20LTD.%22&s=FPDS.GOV&templateName=1.5.3&indexName=awardfull&sortBy=SIGNED_DATE&desc=Y,https://theintercept.com/2024/03/12/dhs-border-towers-ai/,https://www.elbitamerica.com/homeland-security,
TECH072,Elta North America,https://eltanorthamerica.com/solutions/homeland-security/,"Radar, Counter-Unmanned Aerial Systems (cUAS)","Eltanorthamerica.com: From border and facility protection, secure network communication to emergency response, we offer a range of solutions to accurately and swiftly detect, locate and target threats to public safety. Our solutions include real-time situational awareness, 24/7 surveillance, 360º coverage, and active and passive sensors.",,,Y,,,"Products include: MADS-K, OTM, OTHELLO, Tac4G, 2000 and 7000 series radar products.",IAI (Israel),"IAI North America,",,"CBP, DOD, DHS,",https://www.usaspending.gov/search/?hash=0bcb5bcbe9c42a7f831e45ad1ffdf002,https://www.fpds.gov/ezsearch/search.do?q=Elta+North+America+DEPARTMENT_FULL_NAME%3A%22HOMELAND+SECURITY%2C+DEPARTMENT+OF%22+ULTIMATE_UEI_NAME%3A%22IAI+NORTH+AMERICA+INC.%22+CONTRACTING_AGENCY_NAME%3A%22U.S.+CUSTOMS+AND+BORDER+PROTECTION%22&s=FPDS.GOV&templateName=1.5.3&indexName=awardfull,https://sam.gov/opp/67129ec4de4f4dbe88ca6ac247ee20da/view,https://www.rfpmart.com/723305-us-fed-6973gh-24-rfi-00008-cbp-elta-ift-rvss-u-radar-repairs.html,
TECH088,"Geospace Technologies/Quantum Technology Sciences, Inc",https://www.geospace.com/,Geophysycal Sensors,"Geospace.com: Quantum designs and sells tactical security and surveillance solutions to safeguard highly valued assets, critical infrastructure and borders. Since its inception in 1991, Quantum has provided valuable geophysical sensing technologies to serve various U.S. government missions to include the Department of Defense, Department of Energy, Department of Homeland Security and other agencies. Quantum Technology Sciences, Inc. is a wholly owned subsidiary of Geospace Technologies Corporation",,,,,,,,Formerly known as Oyo Geospace Corporation,,"DHS, DOD, DOI",https://www.usaspending.gov/search/?hash=40b23cfeb77981d07daffbb6ad442c8d,https://www.fpds.gov/ezsearch/fpdsportal?indexName=awardfull&templateName=1.5.3&s=FPDS.GOV&q=M4M2UMNGAG33+DEPARTMENT_FULL_NAME%3A%22HOMELAND+SECURITY%2C+DEPARTMENT+OF%22+&x=25&y=20,https://www.geospace.com/news/geospace-subsidiary-quantum-technology-sciences-awarded-u-s-homeland-security-contract/,,
TECH096,Hanwha Vision,https://hanwhavisionamerica.com/,"Surveillance Cameras, Video Analytics/Computer Vision","Hanwhavisionamerica.com: Vision (formerly Hanwha Techwin) has been leading the global video surveillance industry with world-class optical design, image processing and cybersecurity technologies for more than 30 years. As it broadens its business to become a global vision solution provider, Hanwha Vision will deliver more valuable and meaningful insights to customers by collecting key information and providing big data analytics utilizing AI and cloud technologies.",Y,,Y,,,,"Hanwha Group (S. Korea), Hanwha Aerospace (S. Korea)",Hanwha Vision America,,No data,No data,No federal spending data. Hanwha America partners with other vendors for distribution. https://hanwhavisionamerica.com/technology-partnerships/,https://hanwhavisionamerica.com/2024/04/03/hanwha-vision-delivers-ai-for-every-surveillance-application-at-isc-west-2024/,https://americansecuritytoday.com/hanwha-unveils-solidedge-first-truly-serverless-camera-with-onboard-ssd/,
TECH100,Hitachi Kokusai USA,https://www.hitachikokusai.us/,Surveillance Cameras,"Hitachikokusai.com: Hitachi Kokusai Electric America, Ltd. is highly focused in the professional video industry on emerging technology. Our DSP-based products and chip technology are widely used by several industries.",,,Y,,,,Hitachi Corporation Japan,,,"DHS, DOD, HHS, DOI and others",https://www.usaspending.gov/search/?hash=1d3dec7784c23dd655d0ff75f2860e1b,https://www.fpds.gov/ezsearch/fpdsportal?indexName=awardfull&templateName=1.5.3&s=FPDS.GOV&q=Hitachi+DEPARTMENT_FULL_NAME%3A%22HOMELAND+SECURITY%2C+DEPARTMENT+OF%22+&x=0&y=0,https://www.linkedin.com/posts/john-fisher-15880311_bordersecurity-bordercontrol-shippingindustry-activity-6904897679097167872-zijJ?utm_source=share&utm_medium=member_desktop,https://www.hitachikokusai.us/CrucialImagingDivision,
TECH102,IAI North America,https://www.iai.co.il/,"Wide-Ranging Defense, Surveillance, and IT Products/Services","Iai.co.il: We offer a vast portfolio producing air and missile defense, unmanned aerial systems (UAS), ground robotics, precision-guided weapons, and loitering munitions. We deliver special-mission aircraft, modernize military aircraft and helicopters, and convert passenger jets into cargo aircraft through modification, conversion, and system integration. Our technology expertise features systems and solutions from reconnaissance satellites and radars to all aspects of command, control, and communications, computing and cyber, intelligence, surveillance, and reconnaissance systems (C5ISR).",Y,,Y,,,,IAI (Israel Aerospace Industries Ltd.),"ELTA Systems, ELTA Electronics Industries Ltd., Golan Industries, Stark Aerospace",,"DHS, CBP, DOD, HHS, DOA",https://www.usaspending.gov/search/?hash=d6b08a4c1a9d739173ece9399d9be61b,https://www.fpds.gov/ezsearch/fpdsportal?indexName=awardfull&templateName=1.5.3&s=FPDS.GOV&q=IAI+North+America+DEPARTMENT_FULL_NAME%3A%22HOMELAND+SECURITY%2C+DEPARTMENT+OF%22&x=0&y=0,https://www.defenceiq.com/events-bordersecurityafrica/sponsors/israel-aerospace-industries,https://www.iai.co.il/cyber-hls/homeland-security-hls,
TECH104,ideaForge Technology Inc,https://ideaforgetech.com/security-surveillance,Unmanned Aerial Systems (UAS),"Ideaforgetech.com: ideaForge UAVs can assist defense forces in conducting Intelligence, Surveillance, and Reconnaissance (ISR) operations along borders.",Y,,Y,,,"Products include: Switch UAV, Netra UAV, Q4i UAV, Ninja UAV",ideaForge Technology Ltd. (India),,,No data,No data,No data,https://www.prnewswire.com/news-releases/ideaforge-introduces-breakthrough-border-protection-and-public-safety-solutions-for-the-us-market-302118254.html,,
TECH106,ILC Dover,https://www.ilcdover.com/products/tethered-aerostats/,Aerostats,"ILC Dover develops helium-filled aerostats for various intelligence, surveillance, and reconnaissance (ISR) applications as these missions become increasingly vital to national security.",,,,,,,,"VERSIK Analytics, New ILC Dover Inc.",,"DHS, DOD, DOS",https://www.usaspending.gov/search/?hash=78d9844af5037d794feb55e163c337dc,https://www.fpds.gov/ezsearch/fpdsportal?indexName=awardfull&templateName=1.5.3&s=FPDS.GOV&q=ILC+Dover+DEPARTMENT_FULL_NAME%3A%22HOMELAND+SECURITY%2C+DEPARTMENT+OF%22&x=0&y=0,https://www.cbp.gov/sites/default/files/assets/documents/2021-Aug/TARS_508%20compliant.pdf,,
TECH112,IntegriWard,https://www.integriward.us/,"Facility Operations, Intrustion Detection, Surveillance Installation Services","Integriward.com: IntegriWard, LLC (WARD) was founded in 2011 and is headquartered in San Antonio, Texas. We are dedicated to providing high-level support services to our government and commercial clients and have project offices and personnel in thirty (30) U.S. states and territories. WARD specializes in providing full life cycle management of civil engineering functions, facility operations and maintenance, protection, and security services across the country at Federal, State, and commercial sites including law enforcement facilities, training compounds, research laboratories, medical centers, military distribution centers, and school districts",,,Y,,,,,,,"DHS, DOD, EPA, DOJ, DOI",https://www.usaspending.gov/search/?hash=6b195aa431055a4ce3de01f973296e31,https://www.fpds.gov/ezsearch/fpdsportal?q=IntegriWard+DEPARTMENT_FULL_NAME%3A%22HOMELAND+SECURITY%2C+DEPARTMENT+OF%22&s=FPDS.GOV&templateName=1.5.3&indexName=awardfull&x=0&y=0,https://app.g2xchange.com/fedciv/posts/dhs-cbp-awards-facility-services-contract,https://www.usaspending.gov/search/?hash=5e338f91c8f1fae6d84e49b710342b1c,
TECH113,Intelligent Surveillance Corp./Albers Defense,https://intelligentsurveillancecorp.com/,"Unattended Ground Sensors (UGS), Trail Cams","Intelligentsurveillancecorp.com: ISC is the leader in remote intelligence surveillance sensor technology. Our safe, secure and effective surveillance units capture and deliver the critical information first responders need to enhance situational awareness and spring into action.",,,,,,Products include: SC41.Partnered with Parsons Corp. in 2021 to create human detection fo. r DHS. Acquired by Albers Defense in 2023.,Albers Defense,"Albers Defense, Albers Aerospace, Albers Group, Unmanned Systems Inc., Heritage Aviation",,DHS,https://www.usaspending.gov/search/?hash=0651aa24c4aa0d0fab67b3b9c3d80129,https://www.fpds.gov/ezsearch/fpdsportal?indexName=awardfull&templateName=1.5.3&s=FPDS.GOV&q=Intelligent+Surveillance+Corp&x=13&y=12,https://www.marketscreener.com/quote/stock/PARSONS-CORPORATION-57878457/news/Parsons-Selects-ISC-For-Next-Generation-Imaging-Unattended-Ground-Sensors-36469844/,https://www.linkedin.com/posts/albers-aerospace_departmentofhomelandsecurity-cbp-activity-7032177856336076801-eyMz?trk=public_profile_like_view,
TECH117,Jenoptik Smart Mobility Solutions,https://www.jenoptik.us/products/civil-security/border-security,"Automated License Plate Readers (ALPR), Bluetooth Surveillance",Jenoptik.us: Optical technologies are the core of our business: Jenoptik is a global photonics group and comprises the two divisions Advanced Photonic Solutions and Smart Mobility Solutions.,Y,,Y,,,Products Include: TraffiCatch,"Jenoptik Aktiengesellschaft (Germany), Jenoptik North America Inc.","Jenoptik Advanced Systems LLC, Jenoptik Automotive North America LLC, Trioptics Inc., Jenoptik Optical Systems, Lechmotoren US Inc",,"DOD, DOA and others","No DHS spending data, https://www.usaspending.gov/search/?hash=0039d51a2626ca61d8e2c91e744412a9","No DHS spending data, https://www.fpds.gov/ezsearch/fpdsportal?q=Jenoptik+ULTIMATE_UEI_NAME%3A%22JENOPTIK+AG%22&s=FPDS.GOV&templateName=1.5.3&indexName=awardfull&x=0&y=0",https://www.policemag.com/technology/article/15311551/more-than-just-license-plate-readers,https://www.eff.org/deeplinks/2024/05/add-bluetooth-long-list-border-surveillance-technologies,
TECH123,Landsat Technology LLC,https://landsat.technology/,"Mobile Surveillance Towers, Surveillance Trailers",Landsat.technology: The Landsat LOBO is a fully remote wireless security and observation platform on wheels.,,,,,,Products include: Lobo.,Landsat Technologies LLC,,,"Dallas Marshal, Dallas Ft. Worth Airport Authority",No DHS spending data,No data,https://drive.google.com/file/d/1xhV555vecUuAr6GWoag8ZLLgPvtJ6kga/view,,
TECH236,MIL Corp,https://www.milcorp.com/service-areas/case-study/the-department-of-homeland-security-remote-video-surveillance-system/,"Surveillance Towers, Engineering Services","Through an Interagency Agreement between CBP and the Naval Air Warfare Center Aircraft Division (NAWCAD), The MIL Corporation (MIL) supports the operation of the Remote Video Surveillance System (RVSS) used to conduct surveillance and monitoring of the maritime passageways along the northern border between the U.S. and Canada within the Detroit and Buffalo sectors.",,,,,,,,,RVSS-NB,,No DHS spending data,No DHS spending data,,,
TECH138,Motorola Solutions Inc.,https://www.motorolasolutions.com/en_us/solutions/national-government-security/federal-law-enforcement/border-security.html,"Automated License Plate Readers, Video Surveillance, AI Analytics","Motorolasolutions.com: Our borders are complex, spanning land, sea, and air. Motorola Solutions helps secure them with the tools you need to maximize intelligence, make accurate decisions, & optimize command & control processes.",Y,Y,Y,,,"Products include: ALRP, Fixed Video and AI Analytics, Weapons Detection, Radio/Comms.",,"Motorola Inc, Silent Sentinel, Motorola Communications",,"DHS, CBP, ICE, DOD",https://www.usaspending.gov/search/?hash=29120f729f576948aa5d6c59cfb055e9,https://www.fpds.gov/ezsearch/search.do?&q=motorola+DEPARTMENT_FULL_NAME%3A%22HOMELAND+SECURITY%2C+DEPARTMENT+OF%22+CONTRACTING_AGENCY_NAME%3A%22U.S.+CUSTOMS+AND+BORDER+PROTECTION%22&s=FPDS.GOV&templateName=1.5.3&indexName=awardfull&start=330,https://www.policemag.com/technology/article/15311551/more-than-just-license-plate-readers,https://investigate.afsc.org/company/motorola-solns,
TECH143,NOBLE,https://marketing.noble.com/federal-resources,C5ISR,"Marketing.noble.com: Command, Control, Communications, Computers, Cyber, Intelligence, Surveillance & Reconnaissance, is a critical component of modern military operations. It encompasses a wide range of technologies and capabilities that are essential for ensuring effective command and control, real-time situational awareness, and the ability to rapidly respond to evolving threats.",Y,,Y,,,,"Noble Sales Co., Noble Supply and Logistics",Federal Resources,,"DHS, DOD",https://www.usaspending.gov/search/?hash=e9f34ae46eea09c89d77621071e4a252,https://www.fpds.gov/ezsearch/fpdsportal?indexName=awardfull&templateName=1.5.3&s=FPDS.GOV&q=YLE5AAYNVPK6+DEPARTMENT_FULL_NAME%3A%22HOMELAND+SECURITY%2C+DEPARTMENT+OF%22&x=0&y=0,https://marketing.noble.com/federal-resources,,
TECH157,Peak Industries,https://peakindustriesinc.com/surveillance/,Mobile Surveillance Towers,"Peakindustriesinc.com: With 35+ combined years in the design and manufacture of portable and rapidly deployed telecommunication towers, surveillance solutions are a natural extension of our products and services. Our towers are the tallest and strongest mobile towers in the world. They are virtually maintenance free, and feature quick and easy set-up. And that means we have the perfect solution, to your surveillance needs.",,,,,,"Products include: RMDV (Rapid Mobile Deployment Vehicle), RMDV II, RMDT trailer..",,,,"DOD, DOA, DOI, USCG",No DHS/CBP spending data. https://www.usaspending.gov/search/?hash=66c2289e2282ab929975ed05af979e01,"No CBP records, Coast Guard as DHS: https://www.fpds.gov/ezsearch/search.do?q=Peak+Industries+DEPARTMENT_FULL_NAME%3A%22HOMELAND+SECURITY%2C+DEPARTMENT+OF%22&s=FPDS.GOV&templateName=1.5.3&indexName=awardfull",https://drive.google.com/file/d/1djoCwsLvL9COxwJ7Z6rIyYOvKMT1uU2r/view?usp=drive_link,,
TECH163,PureTech Systems,https://www.puretechsystems.com/,"Surveillance Cameras, Video Analytics","Puretechsystems.com: For organizations needing to secure their critical operations more efficiently and effectively, PureTech Systems Inc. provides the most comprehensive, easy to integrate, and reliable AI-boosted, geospatial video analytics and sensor fusion software solution. Our cutting-edge software turns ordinary security cameras and other sensors into autonomous, highly accurate and scalable perimeter intrusion detection systems to deliver real-time situational awareness, enabling customers to make informed decisions quickly and effectively. We empower our clients to protect their assets, people and critical infrastructure with confidence while lowering operational costs.",Y,,Y,,,"Products include: MVSS, PureActiv software for RVSS.",,Partners with Benchmark / Tactical Micro on border tech https://www.border-security-report.com/puretech-systems-has-announced-orders-for-its-pureactiv-software-for-use-along-the-u-s-border/,Mobile Video Surveillance Systems (MVSS),"DOD, GSA,","No data for DHS, partners with Benchmark/Tactical Micro","No data for contracts with DHS, partners with Benchmark/Tactical Micro",https://www.securityinformed.com/news/puretech-systems-deploys-trucks-telescoping-surveillance-co-2824-ga-co-1547619278-ga.1547621120.html?utm_source=SSc%20International%20Edition&utm_medium=Redirect&utm_campaign=International%20Redirect%20Popup,https://sam.gov/opp/34167dd7f6e74b7491927700656378e0/view,https://www.asmag.com/showpost/26000.aspx
TECH164,PVP Advanced EO,https://advancedeo.systems,"Surveillance Cameras, Counter-Unmanned Aerial Systems (C-UAS), Mobile Surveillance Towers","Advancedeo.systems: Advanced EO Systems, Inc. provides state-of-the-art imaging systems, positioners and components for use in military, aerospace, and commercial applications.",,,Y,,,"Products include: Nighthawk cameras and equipment, armored vehicles, anti UAV, long range surveillance systems.",,Acquired June 2022 by Israel-based Rafael Advanced Defense Systems Ltd.,Mobile Video Surveillance Systems (MVSS),"DOD, DHS, CBP and others",https://www.usaspending.gov/search/?hash=1cdee3c4a364a69a6361d066834fae82,https://www.fpds.gov/ezsearch/search.do?q=PVP+Advanced+EO+DEPARTMENT_FULL_NAME%3A%22HOMELAND+SECURITY%2C+DEPARTMENT+OF%22&s=FPDS.GOV&templateName=1.5.3&indexName=awardfull,https://sam.gov/opp/67129ec4de4f4dbe88ca6ac247ee20da/view,https://www.rafael-usa.com/new/rafael-acquires-u-s-based-pvp-aeo-as-part-of-strategic-expansion-in-the-united-states/,
TECH165,QinetiQ US.,https://www.qinetiq.com/en-us/,"Aerostats, Wide-Ranging Defense, Surveillance, and IT Products/Services","Qinetiq.com: Systems Engineering and Technical Assistance (SETA), professional and administrative services, programmatic support, advisory services, and a broad range of support to DoD missions. QinetiQ's range of Intelligence, Surveillance, and Reconnaissance (ISR) offerings provide flexible, innovative, and comprehensive solutions to help tackle the tactical and strategic challenges faced by the nation.",Y,,Y,,,"Products include: Tethered Aerostats, related sureveillance payloads..",,"Avantus, Vencore, SI, Perspecta, QinetiQ North America, Boldon James, Inzpire Group Ltd., Ball Solutions Group, QinetiQ Target Systems Ltd., QinetiQ Special Projects, MTEQ, ITS Services, Apogen Technologies,",Tethered Aerostat Radar System (TARS),"DHS, DOD, CBP",https://www.usaspending.gov/search/?hash=579e9042fd31e21187728741029cacf4,https://www.fpds.gov/ezsearch/fpdsportal?q=QinetiQ+DEPARTMENT_FULL_NAME%3A%22HOMELAND+SECURITY%2C+DEPARTMENT+OF%22&s=FPDS.GOV&templateName=1.5.3&indexName=awardfull&x=0&y=0,https://www.qinetiq.com/en/news/us-customs-and-border-protection-has-awarded-tars-to-qinetiq-us,https://www.qinetiq.com/en-US/what-we-do/services-and-products/tars,https://www.prnewswire.com/news-releases/qinetiq-us-awarded-170m-us-customs-and-border-protection-contract-for-tethered-aerostat-radar-system-tars-301992842.html
TECH168,"Quickset Defense Technologies, LLC",https://www.quickset.com/border-security-quickset-defense-technologies-product-overview/,"Surveillance Cameras, Counter-Unmanned Aerial Systems (C-UAS)","Quickset.com: Future border security threats for the United States could evolve in response to various factors, including geopolitical dynamics, technological advancements, and societal changes. Addressing these potential threats requires a comprehensive and multi-dimensional approach that integrates intelligence gathering, technology deployment, law enforcement cooperation, diplomatic engagement, and community outreach. By adapting to evolving security challenges and investing in proactive measures, the United States can enhance its border security posture while upholding its values and commitments.",Y,,Y,,,"Products include: Taurus-R, MPT-90, Mercury, MPT-50, EXO GeminEye, GeminEye",Moog,,,"DHS, DOD,",https://www.usaspending.gov/search/?hash=0da033704f16e94b7f6e6242751cd506,https://www.fpds.gov/ezsearch/fpdsportal?indexName=awardfull&templateName=1.5.3&s=FPDS.GOV&q=Quickset+Defense+DEPARTMENT_FULL_NAME%3A%22HOMELAND+SECURITY%2C+DEPARTMENT+OF%22&x=0&y=0,https://www.quickset.com/future-border-security-challenges/,https://www.quickset.com/uav-systems/,
TECH169,Reconview,https://reconview.com/surveillance-towers/,"Mobile Surveillance Towers, Surveillance Cameras, Camera Trailers","Reconview LinkedIn: Reconview is a mobile surveillance solutions provider. Whether manned or unmanned, we go your back! Our versatile units are suitable for schools, malls, hospitals, security checkpoints etc. With a variety of options we offer, we guarantee to have a solution that fits your needs.",Y,,Y,,,"Products include: MST, Guardian (ballistic), PoleSIGHT Video Surveillance System",,,,"DHS, DOD, GSA, CBP, USCG",No DHS spending data,No DHS spending data,https://www.gsaadvantage.gov/advantage/ws/search/advantage_search?q=0:8reconview&db=0&searchType=0,,
TECH171,RP Optical USA,https://www.rp-optics-usa.com/,"Lenses, Surveillance Cameras","Rp-optics-usa.com: RP Optical Lab offers different configurations of the Multi-Sensor systems at top of the line performance levels for border, coastal surveillance, and critical infrastructure protection. The multi sensor modular system, adaptable to customer needs and missions, consists of an LWIR or MWIR with Standard (SD) or High Definition (HD) resolution cooled thermal imaging camera – providing multiple thermal zoom lenses option, a day camera with multiple optional sensor and lens types, and an accurate eye-safe laser range finder (LRF) unit, all mounted on a Pan/Tilt unit with various performance/ stabilization levels. RP Optical Lab assists you to select the best combination of EO modules for your need.",,,Y,,,,RP Optical Lab Ltd (Israel),RP Optical USA Inc.,,No data,No data,No Federal spending data,https://www.rp-optics-usa.com/wp-content/uploads/2021/05/ISO-9001-2020.pdf,https://www.linkedin.com/posts/rp-optical-usa_optics-photonic-counterdrone-activity-7095874733589569536-_FxU?utm_source=share&utm_medium=member_desktop,
TECH173,S&K Technologies,https://www.sktcorp.com/,Surveillance Infrastructure Construction Services,"Sktcorp.com: The S&K Family of Companies is committed to providing the highest quality products and services to our customers in order to deliver the maximum dividend to our shareholder, the CSKT, while ensuring long-term employment, education, and social benefits to our employees, tribal members, and local communities.",,,Y,,,,Confederated Salish & Kootenai Tribes,"S&K Aerospace, LLC, AE&C Services, S&K Federal Services, LLC, S&K Logistics Services, LLC, S&K Support Services, LLC, S&K Engineering and Research, LLC, S&K Global Solutions, LLC, S&K Mission Support, LLC, International Towers, LLC, S&K Security Group, LLC, S&K Design-Build, LLC","Integrated Fixed Tower (IFT), Remote Video Surveillance System (RVSS)","DHS, DOD, EPA, DOA and others",https://www.usaspending.gov/search/?hash=9f62a4785193aa5a66b22bdb932dd01e,https://www.fpds.gov/ezsearch/fpdsportal?q=S%26K+DEPARTMENT_FULL_NAME%3A%22HOMELAND+SECURITY%2C+DEPARTMENT+OF%22&s=FPDS.GOV&templateName=1.5.3&indexName=awardfull&x=0&y=0,https://www.sksecuritygroup.com/portfolio-item/customs-and-border-protection-cbp-integrated-fixed-tower-ift-program-sustainment/,https://www.itowersllc.com/portfolio-item/customs-and-border-protection-cbp-block-1-sustainment/,
TECH175,"Sandoval Custom Creations, Inc.",https://www.scci-rad.com/,"Surveillance Cameras, Covert Surveillance Systems, Custom Surveillance Systems","Ssci-rad.com: Sandoval Custom Creations, Inc. produces a wide variety of made-to-order concealments. Combining exclusive plastic and metals manufacturing, our concealments are unlike anything else. We strive to facilitate your needs, offering affordable, durable, customized solutions for any operation. You name it, we can build it.",Y,,Y,,,"SCCI is a reseller of Canon, Axis, Panasonic, Cradlepoint, Sierra Wireless",,,,"DHS, DOD, DOJ",https://www.usaspending.gov/search/?hash=df26385e97f86e7ba477a1617cce8047,https://www.fpds.gov/ezsearch/fpdsportal?indexName=awardfull&templateName=1.5.3&s=FPDS.GOV&q=Sandoval+Custom+DEPARTMENT_FULL_NAME%3A%22HOMELAND+SECURITY%2C+DEPARTMENT+OF%22&x=0&y=0,https://scciraptor.com/,,
TECH180,Sentrillion Corporation,https://sentrillion.com/solution-offerings/physical-security/,"Perimeter Security, Video and Audio Surveillance","Sentrillion.com: Sentrillion provides advanced technology security solutions that protect borders, citizens, critical infrastructure, personnel and key assets. Proven in operation in demanding applications at U.S. Department of Homeland Security’s (DHS) Customs and Border Protection (CBP) and other government and commercial customers, our integrated physical security solutions optimize manpower, minimize costs, increase safety and enhance situational awareness.",,,,,,"Products include: Access control, video and audio surveillance systems, barriers/fences, networking and support services.",,"""Strategic Partners"" with Echodyne, Motorola","Border Security Deployment Program (BSDP), Centralized Area Video Surveillance System (CAVSS)","DHS, CBP, DOD",https://www.usaspending.gov/search/?hash=6c452092aa24b92eafac2ddf00f8704f,https://www.fpds.gov/ezsearch/fpdsportal?indexName=awardfull&templateName=1.5.3&s=FPDS.GOV&q=CONTRACTING_OFFICE_NAME%3A%22BORDER+ENFORCEMENT+CONTRACTING+DIVISION%22+VENDOR_FULL_NAME%3A%22SENTRILLION+CORPORATION%22&x=0&y=0,https://app.g2xchange.com/fedciv/posts/dhs-cbp-awards-350m-centralized-area-video-surveillance-system-cavss-bpa/,,
TECH184,"Signalscape, Inc",https://www.signalscape.com/,"C4ISR Systems, Video Analytics/Computer Vision, RF Surveillance, Biometrics, Surveillance Camera Netwroking","Signalscape.com: Signalscape’s custom mission solutions include cellular communications, wireless systems, software defined radio, embedded systems, TTL (tag, track, and locate), remote sensing, and video/imaging systems.",,,Y,,,Products include: StarWitness.,,,,"DHS, DOD, DOJ, GSA, DOA, DOS",https://www.usaspending.gov/search/?hash=f7958e5e6ba75d7bf0e168038e12fa09,https://www.fpds.gov/ezsearch/fpdsportal?q=Signalscape+DEPARTMENT_FULL_NAME%3A%22HOMELAND+SECURITY%2C+DEPARTMENT+OF%22&s=FPDS.GOV&templateName=1.5.3&indexName=awardfull&x=0&y=0,https://www.starwitness.com/federal-government.html,,
TECH185,Silent Sentinel,https://silentsentinel.com/expertise/perimeter-and-border-surveillance/,"Surveillance Cameras, Thermal Engineering, Counter-Unmanned Aerial Systems (C-UAS)","Silentsentinel.com: From its conception, Silent Sentinel has been manufacturing cameras for the border and perimeter security market. Today Silent Sentinel cameras are deployed globally, in some of the most challenging environments, protecting critical infrastructure, perimeters and borders form hostile threats.",,,,,,Silent Sentinel acquired by Motorola in 2024.,Motorola Solutions,,,DOD,No DHS data,No data,https://www.securityinfowatch.com/industry-news/press-release/53096447/motorola-solutions-motorola-solutions-acquires-silent-sentinel,https://www.motorolasolutions.com/newsroom/press-releases/motorola-solutions-acquires-camera-provider-silent-sentinel.html,https://www.linkedin.com/pulse/homeland-security-surveillance-camera-market-2024-eky4c/
TECH197,Starchase LLC,https://www.starchase.com/,GPS Tracking,"Starchase.com: StarChase provides multiple GPS technology solutions to public safety and government agencies worldwide. Our technology is a trusted resource for domestic and international agencies for managing high-risk events, surveillance, real-time situational awareness, and day-to-day operations.",,,,,,"Products include: Guardian VX, Guardian HX, AppTrac, SlipStream",,,,CBP,https://www.usaspending.gov/search/?hash=9ff4785e2108edd622d27d00604a327a,https://www.fpds.gov/ezsearch/search.do?q=starchase+DEPARTMENT_FULL_NAME%3A%22HOMELAND+SECURITY%2C+DEPARTMENT+OF%22+UEI_NAME%3A%22STARCHASE+LLC%22&s=FPDS.GOV&templateName=1.5.3&indexName=awardfull,https://www.officer.com/command-hq/technology/traffic/suspect-vehicle-control/press-release/21160156/starchase-llc-pursuit-management-technology-starchase-announces-the-release-of-apptrac-365tm-version-20,,
TECH203,Tcom,https://tcomlp.com/aerospace-platforms/tethered-aerostats/,Aerostats,"Tcomlp.com: TCOM offers elevated awareness Lighter-Than-Air Tethered Aerostat platforms are designed to collect information from multiple sensors and interoperate with other aerial and unattended ground radars. TCOM Elevated Awareness Solutions are custom-tailored to meet our customer needs for today and tomorrow. Designed to enhance customers’ effectiveness in today’s multi-domain operations, TCOM’s Lighter-Than-Air systems provide a persistent presence complementing and enhancing UAVs, Aircraft, and satellites. Capable of delivering 360-degree coverage for detection, surveillance, monitoring, and targeting on long-endurance missions exceeding 14 days, Lighter-Than-Air platforms create a unique ability to understand life patterns in areas of interest.",Y,,Y,,,"Products include: Tethered Aerostats: 12M, 17M, 22M, 28M, 34M, 55M, 71M, 74M, 117M, comms towers, airships.",,"Near Space Corporation, Aerostar International LLC, Equinox Innovative Systems",Tethered Aerostat Radar System (TARS),"DOD, DOJ, HHS, GSA, FAA and others","No DHS spending data, https://www.usaspending.gov/search/?hash=049b7bd38f02cc98e28fe2fc7e54583d","No DHS spending data, https://www.fpds.gov/ezsearch/search.do?indexName=awardfull&templateName=1.5.3&s=FPDS.GOV&q=HEZDP5MN11A3",https://www.cbp.gov/sites/default/files/assets/documents/2021-Aug/TARS_508%20compliant.pdf,https://www.govconwire.com/2024/04/tcom-acquires-multi-rotor-drone-tech-developer-equinox-innovative-systems/,
TECH206,Telephonics/TTM Technologies,https://www.telephonics.com/,"Mobile Surveillance Capabilties (MSCs), Radar","Telephonics.com: Telephonics remains steadfastly committed to advancing its core surveillance, communications, analysis and integration technologies, providing our aerospace, defense and commercial customers worldwide with a distinct tactical advantage, even in the most challenging of environments.",Y,,,,,"Products include: Mobile radar units, MSC, RaVEN-M (Radar and Video Enforcement Network-Mobile), ARSS (ground surveillance).Telephonics purchased by TTM Technologies Inc in 2022./",,"TTM Technologies Inc, T L S Corporation",Secure Border Initiative/SBInet,"DHS, CBP, DOD",https://www.usaspending.gov/search/?hash=cc7467c710552f90c6691709af7cc9c0,https://www.fpds.gov/ezsearch/search.do?q=Telephonics+DEPARTMENT_FULL_NAME%3A%22HOMELAND+SECURITY%2C+DEPARTMENT+OF%22+CONTRACTING_AGENCY_NAME%3A%22U.S.+CUSTOMS+AND+BORDER+PROTECTION%22&s=FPDS.GOV&templateName=1.5.3&indexName=awardfull,https://washingtontechnology.com/2008/01/sbinet-goes-mobile-with-radar/317148/,https://www.telephonics.com/press/telephonics-mobile-surveillance-capability-chosen-by-us-customs-and-border-protection,
TECH210,Tower Solutions,https://towersolutionsinc.com/,Surveillance Tower Infrastructure,"Towersolutionsinc.com: Our automatic self-erecting mobile towers are built to satisfy specific application requirements of height, rigidity, portability, rapid deployment, ease of use, and safe operation. From telecommunications to surveillance to lighting and more, our customers have seen great success with our products.",Y,,Y,,,,,,,"DHS, DOD, GSA, DOS",https://www.usaspending.gov/search/?hash=6b0448fc980f676793f7efebaa176a2c,https://www.fpds.gov/ezsearch/fpdsportal?indexName=awardfull&templateName=1.5.3&s=FPDS.GOV&q=Tower+Solutions+DEPARTMENT_FULL_NAME%3A%22HOMELAND+SECURITY%2C+DEPARTMENT+OF%22&x=0&y=0,https://www.stealth-power.com/blog/how-stealth-power-mobile-systems-along-the-border-are-paying-for-themselves,https://www.linkedin.com/posts/tower-solutions-llc_c-uas-tower-applications-tower-solutions-activity-7194742994455998465-tlyE?utm_source=share&utm_medium=member_desktop,
TECH221,Ver-Mac Inc,https://www.ver-mac.com/,"Solar Power, Mobile Surveillance Towers","Ver-Mac LInkedIn: Ver-Mac is a worldwide leading manufacturer of electronic traffic control, lighting & security equipment, including portable and permanent variable message signs, arrowboards, speed signs, camera trailers, sensor
trailers, light towers, and temporary traffic signals. Ver-Mac’s JamLogic software brings intelligence to work zones by providing real-time traffic management solutions.",,,Y,,,"Products include: CT-2430 Trailer-mounted Camera, WZMC-1000 Work Zone Dash Camera","Signalisation Ver-Mac Inc (Canada), Gestion McRich Inc",National Capital Industries Incorporated,,DOA,"No DHS spending dara, https://www.usaspending.gov/search/?hash=be048a0dd466fc8b96bd374bc27934fa","No DHS data, https://www.fpds.gov/ezsearch/fpdsportal?q=Ver-Mac+UEI_NAME%3A%22SIGNALISATION+VER-MAC+INC%22&s=FPDS.GOV&templateName=1.5.3&indexName=awardfull&x=0&y=0",https://www.ver-mac.com/en/industries/government-purchasing-us/grants-fundings-us/,,
TECH226,Vortex Systems,https://vortexsystems.us/,Unattended Ground Sensors (UGS),Vortexsystems.us: Vortex Systems designs and manufactures unattended ground sensors and surveillance systems. Our products are specifically designed for critical infrastructure protection. We are committed to helping your agency find the right underground sensor security system to secure your project.,,,,,,Products include: Ground Sensors.,,,Unattended Ground Sensors (UGS),"DHS, CBP, ICE",https://www.usaspending.gov/search/?hash=696f3052aa2118d22ad9c772518ce991,https://www.fpds.gov/ezsearch/fpdsportal?q=%22ground+sensor%22+CONTRACTING_AGENCY_NAME%3A%22U.S.+CUSTOMS+AND+BORDER+PROTECTION%22+VENDOR_FULL_NAME%3A%22VORTEX+SYSTEMS%2C+LLC%22&s=FPDS.GOV&templateName=1.5.3&indexName=awardfull&x=0&y=0,https://www.prnewswire.com/news-releases/monument-capital-group-llc-signs-deal-with-vortex-systems-llc-97010924.html,https://www.highergov.com/awardee/vortex-systems-llc-10005278/,
TECH232,Yankee Microwave Inc.,http://yankeemicrowave.com/home/,"Communications Infrastructure, Surveillance Tower Infrastructure",Yankeemicrowave.com: YMI has been the prime installer and integrator of the RVSS (Remote Video Surveillance System) for the U.S. Department of Homeland Security. Yankee has installed over 250 monopoles and towers on the Southern U.S. Border (Texas to California) and the Northern U.S. Border (Washington to Vermont). These remote platforms were linked via microwave to command and control centers miles away from the border.,,,,,,Products include: Monopoles and surveillance towers.,,GAM Electronics,Remote Video Surveillance System (RVSS),"DHS, CBP, FEMA",https://www.usaspending.gov/search/?hash=9ab8c5dcf279b770fcb350848e400097,https://www.fpds.gov/ezsearch/fpdsportal?q=Yankee+Microwave+DEPARTMENT_FULL_NAME%3A%22HOMELAND+SECURITY%2C+DEPARTMENT+OF%22&s=FPDS.GOV&templateName=1.5.3&indexName=awardfull&x=0&y=0,https://www.gsaadvantage.gov/ref_text/GS35F0606R/0YVG2V.3ULSXJ_GS-35F-0606R_YANKEEMICROWAVEGSATERMSCONDITIONS.PDF,https://www.highergov.com/awardee/yankee-microwave-inc-10034309/,
TECH234,Advantor Systems,https://www.advantor.com/,"Intrusion Detection System (IDS), Video Surveillance ","advantor.com: Advantor Systems is a premier security technology manufacturer and global security solutions integrator with a proven track record in safeguarding critical resources for both nations and individual organizations. Our comprehensive portfolio includes advanced intrusion detection, access control, surveillance, video analytics, and command-and-control solutions, all designed to ensure the highest level of protection.",,,Y,,,,Infrasafe,"Advantor Systems II LLC, Advantor Systems Corporation",,"DHS, DOD, CBP, ICE, DOE",https://www.usaspending.gov/search/?hash=aae670329c5de2628f87542bd096d807,https://www.fpds.gov/ezsearch/search.do?q=Advantor+systems+DEPARTMENT_FULL_NAME%3A%22HOMELAND+SECURITY%2C+DEPARTMENT+OF%22&s=FPDS.GOV&templateName=1.5.3&indexName=awardfull,https://www.linkedin.com/posts/advantor_securityexpo-advantor-activity-7316943766861303809-NmX3?utm_source=social_share_send&utm_medium=member_desktop_web&rcm=ACoAAC-EvSEBlb7ObkfWxPBXFeDc4gThRbwzoyM,,
TECH239,"Dallmeier Electronic, US",https://www.dallmeier.com/en,Video Surveillance,dallmeier.com: Dallmeier has pioneered with cutting-edge solutions in the field of CCTV/IP video technology. Our innovations such as the patented Panomera® multifocal sensor technology ensure maximum cost efficiency while maintaining the highest standards of cybersecurity and durability.,Y,,Y,,,"Products include: Hemisphere CCTV system, Panomera S4 Perimiter Series Cameras",Dallmeier electronic GmbH & Co. KG,,,GSA,No DHS spending data. https://www.usaspending.gov/search/?hash=2548d4d4ecbae4463b9c723929991478 ,No DHS spending data. https://www.fpds.gov/ezsearch/fpdsportal?q=dallmeier+ULTIMATE_UEI_NAME%3A%22DALLMEIER+ELECTRONIC+USA%2C+INC.%22&s=FPDS.GOV&templateName=1.5.3&indexName=awardfull&x=0&y=0 ,https://web.archive.org/web/20250501223211/https://mys-showfiles.s3.amazonaws.com/production/bse25/press/147/A4916D9D-B71D-0975-E8D7C65AA4BBB879.pdf?X-Amz-Algorithm=AWS4-HMAC-SHA256&X-Amz-Credential=AKIA3V5ZWK3AMYGA3Z4S%2F20250501%2Fus-east-1%2Fs3%2Faws4_request&X-Amz-Date=20250501T223211Z&X-Amz-Expires=60&X-Amz-SignedHeaders=host&X-Amz-Signature=694ff1b4c168b0a4b0ee8074bf5b0c141c35c83a65c5fe215a5dc4520ac52298,https://www.dallmeier.com/fileadmin/user_upload/PDFs/Technology/Software/Dallmeier_HEMISPHERE_Software_Platform_Brochure.pdf,
TECH249,Knowmadics Inc,https://knowmadics.com/defense-intel/,AI surveillance ,"knowmadics.com: Knowmadics solves complex operational challenges through innovative end-to-end solutions that deliver complete security awareness, full continuum duty of care and enhanced process efficiencies. Combining a scalable automated software platform, elite operational support, proactive cyber assessments and a continuous innovation program, they enable predictable, optimized situational response that fosters enterprise trust",Y,,Y,,,Products Include: 360º Aware Platform,,Distributed by Carahsoft Technology Corp.,,"DOJ, DOD, Dept of Agriculture, DEA",No DHS data https://www.usaspending.gov/search/?hash=e932df89324e4887bc4bd6b8613dabd8 ,No DHS Data https://www.fpds.gov/ezsearch/fpdsportal?indexName=awardfull&templateName=1.5.3&s=FPDS.GOV&q=Knowmadics&x=0&y=0 ,https://www.linkedin.com/posts/knowmadics_headed-to-phoenix-next-week-for-the-border-activity-7313968483514343424-Ec-z?utm_source=social_share_send&utm_medium=member_desktop_web&rcm=ACoAAC-EvSEBlb7ObkfWxPBXFeDc4gThRbwzoyM,,
TECH252,Prisma Photonics,https://www.prismaphotonics.com/,"AI Monitoring and Surveillance, Fiber Communications",prismaphotonics.com: Prisma Photonics helps keep the most critical large-scale infrastructure up & running with a quantum leap in utility monitoring.,Y,,Y,,,,Prisma Photonics (Isreal),"Prisma Photonics Ltd., Protego Ventures, Adara Ventures, ",,,No federal spending data,No federal spending data,https://www.timesofisrael.com/backed-by-israeli-defense-tech-fund-tel-aviv-smart-monitoring-startup-secures-30m/,https://www.frost.com/wp-content/uploads/2020/11/Prisma-Photonics-Award-Write-Up-Final.pdf,https://www.internationalsecurityexpo.com/exhibitors/prisma-photonics
TECH254,PyroCom Systems,https://www.pyrocomsystems.com/el-paso,"IT Services, Video surveillance ","pyrocomsystems.com: PyroCom Systems, since 1997, delivers products and services tailored to enhance your company's strategic vision and gain a competitive advantage. We specialize in installing life safety, intrusion detection, surveillance, access control systems, and technology solutions in various settings.",,,Y,,,,,,,"CBP, ICE, DHS, DOD, DOJ, DOT",https://www.usaspending.gov/search?hash=2f4ac0f1bf17367f3e266a6b4ebe2389,https://www.fpds.gov/ezsearch/search.do?q=pyrocom+systems+DEPARTMENT_FULL_NAME%3A%22HOMELAND+SECURITY%2C+DEPARTMENT+OF%22&s=FPDS.GOV&templateName=1.5.3&indexName=awardfull,https://www.elpasoinc.com/news/q_and_a/q-a-scott-adkins-owner-pyrocom-systems/article_2d7f71c0-eee4-11ec-a400-87edee2a93bd.html,https://sam.gov/opp/984da1716e1a4cd2a13be3f1529a6283/view,
TECH257,"RT Aerostat Systems, Inc",https://www.rt.co.il/solutions/border-protection/,"Aerostat, ISR","rtaerostat.com: RT is a world - class designer, developer and manufacturer of the SkyStar family of aerostats for use in intelligence, surveillance, reconnaissance, and communications applications. RT delivers self-contained, versatile, easily transportable, cost-effective tactical system comprised of a mobile control station, ground system module, tether, lighter-than-air platform,  stabilized payload platform and sophisticated sensor suite. ",,,Y,,,"Products include: SKYSTAR 100/110, SKYSTAR 180, SKYSTAR 220, SKYSTAR 250, SKYSTAR 330",RT LTA (Israel),Partners with Controp,,,No DHS spending,No DHS spending,https://www.whoprofits.org/companies/company/4038,https://www.linkedin.com/company/rtaerostats/?originalSubdomain=il,https://www.rt.co.il/rt-to-showcase-advanced-aerostat-solutions-at-border-security-expo-2025/
TECH261,Solar Camera Inc.,https://www.solarcamera.com/industry/government-facilities/,"AI surveillance, Solar AI Camera Trailers","solarcamera.com: Harnessing the Power of Solar and AI Our Solar AI Camera Trailer is the culmination of years of research and development. Combining solar-powered hardware with advanced AI technology, we deliver intelligent, reliable, and efficient surveillance solutions to keep your property secure.",Y,,Y,,,,King Solarman,"Solar Camera Trailer, SCT+, Solar AI Camera Trailer",,,No federal spending data,No federal spending data,https://www.discoverisc.com/west/en-us/2025-exhibitors/exhibitor-directory/exhibitor-details.king%20solarman%20inc.org-ef20818b-e917-4fd5-83fc-2a2a1c005741.html#/,https://solarcameratrailer.com/,
TECH264,Stone Security,https://www.stonesecurity.net/about/,Video surveillance,"stonesecurity.net: Stone Security has been driving the modern security integration of surveillance, access control and intrusion detection for two decades, a leading provider of enterprise class physical security products and services.",,,Y,,,,BearCom,Partners with Axis bodycams,,"DOD, DOJ, Veterans Affairs",No DHS data https://www.usaspending.gov/search?hash=fac4d34b381bf7d7e4d90842ab175e3c ,No DHS data https://www.fpds.gov/ezsearch/fpdsportal?q=Stone+Security+ULTIMATE_UEI_NAME%3A%22STONE+SECURITY++LLC%22&s=FPDS.GOV&templateName=1.5.3&indexName=awardfull&x=0&y=0 ,https://webbingsolutions.com/transforming-body-worn-camera-deployments/,,
TECH269,Vertex Imaging Solutions,https://www.verteximaging.com/,EO/IO Video,"verteximaging.com: Vertex Imaging provides advanced EO/IR imaging products for airborne, land and maritime applications. Our partners offer the latest advancements in imaging, stabilization, and energy products. We also provide innovative off-grid energy storage solutions that are designed with an unprecedented level of safety and reliability. When combined into a total solution, Vertex products provide self-contained, ultra-reliable remote surveillance systems. We also bring specialized expertise in imaging system design, development, and deployment across industrial, oil & gas, and defense sectors.  ",,,Y,,,,"Licensed and sold by Data Distributing, LLC","Partners include: Hevi Optronics, Atmolab, and AerialOGI, Belvilacqua Research Corporation",,"DOD, DHS, Veterans Affairs, Secret Service",https://www.usaspending.gov/search?hash=d8e1c95d716c2164c9ddb67867a1ee2d,https://www.fpds.gov/ezsearch/fpdsportal?q=Data+Distributing+LLC+DEPARTMENT_FULL_NAME%3A%22HOMELAND+SECURITY%2C+DEPARTMENT+OF%22&s=FPDS.GOV&templateName=1.5.3&indexName=awardfull&x=0&y=0,https://www.verteximaging.com/partners/atmo-lab,https://datadistributing.com/dd-vertex-enterprise/,
TECH274,Aion Robotics,https://www.aionrobotics.com/technology,"Unmanned Ground Vehicles (UGV), UAV","aionrobotics.com: AION Robotics, a Colorado-based manufacturer of advanced Autonomous Surveillance Patrol Vehicles (ASPV), commonly known as security robots.",Y,,Y,,,"Products include: Ri Rover, Vehicle Managment Software",,,,DOD,No DHS data https://www.usaspending.gov/search?hash=f89069eff1232affd156f9b3d2f2027f ,No DHS data https://www.fpds.gov/ezsearch/fpdsportal?q=Aion+VENDOR_FULL_NAME%3A%22AION+ROBOTICS+LLC%22&s=FPDS.GOV&templateName=1.5.3&indexName=awardfull&x=0&y=0 ,https://resources.basicmicro.com/aion-robotics-r1-autonomous-robot/,https://www.aionrobotics.com/about,
TECH281,Reconyx,https://www.reconyx.com/market/surveillance,"Trail cameras, license plate readers.","Reconyx.com: RECONYX™ Law Enforcement & Surveillance Cameras are an excellent choice for situations where no power or communication lines exist. True Covert Infrared night time illumination allows the camera to remain undetected. Our new HyperFire 4K™ General Sureveillance Cameras now include License Plate Capture Mode as well, enabling photo documentation of vehicles moving as fast as 40 mph, day or night. ",,,,,,,Reconyx LLP,,,"CBP, DHS, DOD",https://www.usaspending.gov/search?hash=425dd65c0a2d2f8dc459ed8bcc1099eb,https://www.fpds.gov/ezsearch/fpdsportal?q=Reconyx+DEPARTMENT_FULL_NAME%3A%22HOMELAND+SECURITY%2C+DEPARTMENT+OF%22+ULTIMATE_UEI_NAME%3A%22RECONYX+LLP%22&s=FPDS.GOV&templateName=1.5.3&indexName=awardfull&x=0&y=0,https://sam.gov/workspace/contract/opp/9ff5d1be205b4aa6882147ee3a147a56/view,https://govtribe.com/opportunity/federal-contract-opportunity/usbp-ugs-cellular-covert-cameras-20151010,
TECH302,Planet Labs,https://www.planet.com/,AI-powered satellite surveillance,"AI-Powered Earth Intelligence. Owl™, the next-generation monitoring satellite from Planet, redefines what can be explored and accomplished by an Earth observation constellation.",Y,,,Y,,"Products include: Planet Monitoring, Planet Basemaps, Planet Tasking, Planet Select, Planet Analytic Feeds, Planet Hyperspectral, Planetary Variables, Forest Carbon, Planet Insights Platform",Planet Labs PBC,"Planet Labs LLC, Planet Labs Federal",,"DOD, Dept of Ag, NASA",No DHS data https://www.usaspending.gov/search?hash=8ae6107f3adc02002af8b0f9754c202c ,No DHS data https://www.fpds.gov/ezsearch/fpdsportal?indexName=awardfull&templateName=1.5.3&s=FPDS.GOV&q=Planet+Labs&x=0&y=0  ,https://www.planet.com/sheets/wef-2024/mexico/,,
TECH303,VIdeoNext,https://www.videonext.com/government ,Surveillance Software,"videonext.com: OUR MISSION: PROTECTING LIVES & ASSETS. Since its inception, videoNEXT has worked side-by-side with federal, state, local, tribal, and international government clients and integrators.  As a result, we possess both an intimate understanding of the public sector's unique requirements and the vertical expertise necessary to meet almost any special request. Our technology is used to manage thousands of mission-critical cameras and sensor inputs across the globe and our flexible Security Operating Systems work with existing technology to effectively leverage prior investments.  As a result, videoNEXT has earned a reputation for eliminating installation downtime and reducing hardware replacement costs, ensuring that projects are completed on time and within budget.",,,,,,"Products include: JetstreamVS, STRATUS, mobile apps, video walls",Formerly known as VNX Solutions,"VideoNext Network Solutions, Inc., partners with Advantor Systems",,"DHS, CBP, DOD, DOJ",https://www.usaspending.gov/search/?hash=d2879e49c3b4ff2e8d3b7e73254c8ccc,https://www.fpds.gov/ezsearch/fpdsportal?q=VideoNext+DEPARTMENT_FULL_NAME%3A%22HOMELAND+SECURITY%2C+DEPARTMENT+OF%22+ULTIMATE_UEI%3A%22UNMZVF28BF83%22&s=FPDS.GOV&templateName=1.5.3&indexName=awardfull&x=0&y=0,https://sam.gov/opp/3e03feb8009a1043249aa95471e2405d/view,https://www.exportvirginia.org/case-study/virginias-exporters-services-find-success-abroad,
